config,fold_id,n_features,threshold_opt_train,train_mean_f1_pair_at_threshold,fit_sec,train_score_sec,predict_sec,precision,recall,f1,features
full60,0,60,0.28600000000000003,1.0,36.204370653000005,0.8296381739999958,0.3820586550000016,0.9869646182495344,0.3936130709246194,0.5627820546854261,syn_len_a | syn_len_b | syn_equal_exact | syn_equal_casefold | syn_contains_a_in_b | syn_contains_b_in_a | syn_levenshtein | syn_levenshtein_sim | syn_damerau_osa | syn_damerau_osa_sim | syn_lcs_len | syn_lcs_ratio | syn_common_prefix_ratio | syn_common_suffix_ratio | syn_jaccard_tokens | syn_dice_tokens | syn_jaccard_bigrams | syn_jaccard_trigrams | syn_cosine_bigrams | syn_cosine_trigrams | syn_jaro | syn_jaro_winkler | cls_euclidean | cls_cosine_sim | cls_pearson | cls_spearman | cls_minkowski | cls_canberra | cls_chebyshev | tda_h0_count_src | tda_h1_count_src | tda_h2_count_src | tda_h0_max_life_src | tda_h1_max_life_src | tda_h2_max_life_src | tda_h0_entropy_src | tda_h1_entropy_src | tda_h2_entropy_src | tda_h0_count_tgt | tda_h1_count_tgt | tda_h2_count_tgt | tda_h0_max_life_tgt | tda_h1_max_life_tgt | tda_h2_max_life_tgt | tda_h0_entropy_tgt | tda_h1_entropy_tgt | tda_h2_entropy_tgt | tda_h0_count_combined | tda_h1_count_combined | tda_h2_count_combined | tda_h0_max_life_combined | tda_h1_max_life_combined | tda_h2_max_life_combined | tda_h0_entropy_combined | tda_h1_entropy_combined | tda_h2_entropy_combined | tda_h0_bottleneck | tda_h0_wasserstein | tda_h1_bottleneck | tda_h1_wasserstein
full60,1,60,0.258,0.9996219281663516,38.318533168,0.9000034919999962,0.4285154809999909,0.9887556221889056,0.48815692079940787,0.653617443012884,syn_len_a | syn_len_b | syn_equal_exact | syn_equal_casefold | syn_contains_a_in_b | syn_contains_b_in_a | syn_levenshtein | syn_levenshtein_sim | syn_damerau_osa | syn_damerau_osa_sim | syn_lcs_len | syn_lcs_ratio | syn_common_prefix_ratio | syn_common_suffix_ratio | syn_jaccard_tokens | syn_dice_tokens | syn_jaccard_bigrams | syn_jaccard_trigrams | syn_cosine_bigrams | syn_cosine_trigrams | syn_jaro | syn_jaro_winkler | cls_euclidean | cls_cosine_sim | cls_pearson | cls_spearman | cls_minkowski | cls_canberra | cls_chebyshev | tda_h0_count_src | tda_h1_count_src | tda_h2_count_src | tda_h0_max_life_src | tda_h1_max_life_src | tda_h2_max_life_src | tda_h0_entropy_src | tda_h1_entropy_src | tda_h2_entropy_src | tda_h0_count_tgt | tda_h1_count_tgt | tda_h2_count_tgt | tda_h0_max_life_tgt | tda_h1_max_life_tgt | tda_h2_max_life_tgt | tda_h0_entropy_tgt | tda_h1_entropy_tgt | tda_h2_entropy_tgt | tda_h0_count_combined | tda_h1_count_combined | tda_h2_count_combined | tda_h0_max_life_combined | tda_h1_max_life_combined | tda_h2_max_life_combined | tda_h0_entropy_combined | tda_h1_entropy_combined | tda_h2_entropy_combined | tda_h0_bottleneck | tda_h0_wasserstein | tda_h1_bottleneck | tda_h1_wasserstein
full60,2,60,0.315,0.9996315401621223,35.541367728,0.791728839000001,0.37490971500000114,0.9924882629107982,0.3954358398802843,0.5655430711610487,syn_len_a | syn_len_b | syn_equal_exact | syn_equal_casefold | syn_contains_a_in_b | syn_contains_b_in_a | syn_levenshtein | syn_levenshtein_sim | syn_damerau_osa | syn_damerau_osa_sim | syn_lcs_len | syn_lcs_ratio | syn_common_prefix_ratio | syn_common_suffix_ratio | syn_jaccard_tokens | syn_dice_tokens | syn_jaccard_bigrams | syn_jaccard_trigrams | syn_cosine_bigrams | syn_cosine_trigrams | syn_jaro | syn_jaro_winkler | cls_euclidean | cls_cosine_sim | cls_pearson | cls_spearman | cls_minkowski | cls_canberra | cls_chebyshev | tda_h0_count_src | tda_h1_count_src | tda_h2_count_src | tda_h0_max_life_src | tda_h1_max_life_src | tda_h2_max_life_src | tda_h0_entropy_src | tda_h1_entropy_src | tda_h2_entropy_src | tda_h0_count_tgt | tda_h1_count_tgt | tda_h2_count_tgt | tda_h0_max_life_tgt | tda_h1_max_life_tgt | tda_h2_max_life_tgt | tda_h0_entropy_tgt | tda_h1_entropy_tgt | tda_h2_entropy_tgt | tda_h0_count_combined | tda_h1_count_combined | tda_h2_count_combined | tda_h0_max_life_combined | tda_h1_max_life_combined | tda_h2_max_life_combined | tda_h0_entropy_combined | tda_h1_entropy_combined | tda_h2_entropy_combined | tda_h0_bottleneck | tda_h0_wasserstein | tda_h1_bottleneck | tda_h1_wasserstein
full60,3,60,0.258,0.9997407311381903,36.179921009,0.8278230710000116,0.4163473950000025,0.9878831076265147,0.4987405541561713,0.6628407460545194,syn_len_a | syn_len_b | syn_equal_exact | syn_equal_casefold | syn_contains_a_in_b | syn_contains_b_in_a | syn_levenshtein | syn_levenshtein_sim | syn_damerau_osa | syn_damerau_osa_sim | syn_lcs_len | syn_lcs_ratio | syn_common_prefix_ratio | syn_common_suffix_ratio | syn_jaccard_tokens | syn_dice_tokens | syn_jaccard_bigrams | syn_jaccard_trigrams | syn_cosine_bigrams | syn_cosine_trigrams | syn_jaro | syn_jaro_winkler | cls_euclidean | cls_cosine_sim | cls_pearson | cls_spearman | cls_minkowski | cls_canberra | cls_chebyshev | tda_h0_count_src | tda_h1_count_src | tda_h2_count_src | tda_h0_max_life_src | tda_h1_max_life_src | tda_h2_max_life_src | tda_h0_entropy_src | tda_h1_entropy_src | tda_h2_entropy_src | tda_h0_count_tgt | tda_h1_count_tgt | tda_h2_count_tgt | tda_h0_max_life_tgt | tda_h1_max_life_tgt | tda_h2_max_life_tgt | tda_h0_entropy_tgt | tda_h1_entropy_tgt | tda_h2_entropy_tgt | tda_h0_count_combined | tda_h1_count_combined | tda_h2_count_combined | tda_h0_max_life_combined | tda_h1_max_life_combined | tda_h2_max_life_combined | tda_h0_entropy_combined | tda_h1_entropy_combined | tda_h2_entropy_combined | tda_h0_bottleneck | tda_h0_wasserstein | tda_h1_bottleneck | tda_h1_wasserstein
full60,4,60,0.20600000000000002,1.0,41.537881827999996,0.8895965520000004,0.4105934389999959,0.9814264487369985,0.514608492403584,0.6751852798364426,syn_len_a | syn_len_b | syn_equal_exact | syn_equal_casefold | syn_contains_a_in_b | syn_contains_b_in_a | syn_levenshtein | syn_levenshtein_sim | syn_damerau_osa | syn_damerau_osa_sim | syn_lcs_len | syn_lcs_ratio | syn_common_prefix_ratio | syn_common_suffix_ratio | syn_jaccard_tokens | syn_dice_tokens | syn_jaccard_bigrams | syn_jaccard_trigrams | syn_cosine_bigrams | syn_cosine_trigrams | syn_jaro | syn_jaro_winkler | cls_euclidean | cls_cosine_sim | cls_pearson | cls_spearman | cls_minkowski | cls_canberra | cls_chebyshev | tda_h0_count_src | tda_h1_count_src | tda_h2_count_src | tda_h0_max_life_src | tda_h1_max_life_src | tda_h2_max_life_src | tda_h0_entropy_src | tda_h1_entropy_src | tda_h2_entropy_src | tda_h0_count_tgt | tda_h1_count_tgt | tda_h2_count_tgt | tda_h0_max_life_tgt | tda_h1_max_life_tgt | tda_h2_max_life_tgt | tda_h0_entropy_tgt | tda_h1_entropy_tgt | tda_h2_entropy_tgt | tda_h0_count_combined | tda_h1_count_combined | tda_h2_count_combined | tda_h0_max_life_combined | tda_h1_max_life_combined | tda_h2_max_life_combined | tda_h0_entropy_combined | tda_h1_entropy_combined | tda_h2_entropy_combined | tda_h0_bottleneck | tda_h0_wasserstein | tda_h1_bottleneck | tda_h1_wasserstein
full60,5,60,0.352,1.0,53.963384467000026,1.2202812510000172,0.252686505999975,0.9965792474344356,0.5873655913978495,0.7391120507399577,syn_len_a | syn_len_b | syn_equal_exact | syn_equal_casefold | syn_contains_a_in_b | syn_contains_b_in_a | syn_levenshtein | syn_levenshtein_sim | syn_damerau_osa | syn_damerau_osa_sim | syn_lcs_len | syn_lcs_ratio | syn_common_prefix_ratio | syn_common_suffix_ratio | syn_jaccard_tokens | syn_dice_tokens | syn_jaccard_bigrams | syn_jaccard_trigrams | syn_cosine_bigrams | syn_cosine_trigrams | syn_jaro | syn_jaro_winkler | cls_euclidean | cls_cosine_sim | cls_pearson | cls_spearman | cls_minkowski | cls_canberra | cls_chebyshev | tda_h0_count_src | tda_h1_count_src | tda_h2_count_src | tda_h0_max_life_src | tda_h1_max_life_src | tda_h2_max_life_src | tda_h0_entropy_src | tda_h1_entropy_src | tda_h2_entropy_src | tda_h0_count_tgt | tda_h1_count_tgt | tda_h2_count_tgt | tda_h0_max_life_tgt | tda_h1_max_life_tgt | tda_h2_max_life_tgt | tda_h0_entropy_tgt | tda_h1_entropy_tgt | tda_h2_entropy_tgt | tda_h0_count_combined | tda_h1_count_combined | tda_h2_count_combined | tda_h0_max_life_combined | tda_h1_max_life_combined | tda_h2_max_life_combined | tda_h0_entropy_combined | tda_h1_entropy_combined | tda_h2_entropy_combined | tda_h0_bottleneck | tda_h0_wasserstein | tda_h1_bottleneck | tda_h1_wasserstein
syn_only,0,22,0.269,1.0,27.87551311499999,0.7355168180000078,0.3549514349999754,0.9878234398782344,0.48199034533976975,0.6478662340903419,syn_len_a | syn_len_b | syn_equal_exact | syn_equal_casefold | syn_contains_a_in_b | syn_contains_b_in_a | syn_levenshtein | syn_levenshtein_sim | syn_damerau_osa | syn_damerau_osa_sim | syn_lcs_len | syn_lcs_ratio | syn_common_prefix_ratio | syn_common_suffix_ratio | syn_jaccard_tokens | syn_dice_tokens | syn_jaccard_bigrams | syn_jaccard_trigrams | syn_cosine_bigrams | syn_cosine_trigrams | syn_jaro | syn_jaro_winkler
syn_only,1,22,0.266,0.9996219281663516,27.828761791000034,0.7917454729999918,0.37115477699995836,0.9897959183673469,0.5384900074019245,0.6975071907957814,syn_len_a | syn_len_b | syn_equal_exact | syn_equal_casefold | syn_contains_a_in_b | syn_contains_b_in_a | syn_levenshtein | syn_levenshtein_sim | syn_damerau_osa | syn_damerau_osa_sim | syn_lcs_len | syn_lcs_ratio | syn_common_prefix_ratio | syn_common_suffix_ratio | syn_jaccard_tokens | syn_dice_tokens | syn_jaccard_bigrams | syn_jaccard_trigrams | syn_cosine_bigrams | syn_cosine_trigrams | syn_jaro | syn_jaro_winkler
syn_only,2,22,0.226,0.9996315401621223,26.618196015000024,0.7121460849999721,0.33049676100000625,0.9910220994475138,0.5368499812944257,0.6964329046347973,syn_len_a | syn_len_b | syn_equal_exact | syn_equal_casefold | syn_contains_a_in_b | syn_contains_b_in_a | syn_levenshtein | syn_levenshtein_sim | syn_damerau_osa | syn_damerau_osa_sim | syn_lcs_len | syn_lcs_ratio | syn_common_prefix_ratio | syn_common_suffix_ratio | syn_jaccard_tokens | syn_dice_tokens | syn_jaccard_bigrams | syn_jaccard_trigrams | syn_cosine_bigrams | syn_cosine_trigrams | syn_jaro | syn_jaro_winkler
syn_only,3,22,0.24,0.9997407311381903,27.40164643600002,0.822306143999981,0.3994782639999812,0.982367758186398,0.5613530046779417,0.7144492786810167,syn_len_a | syn_len_b | syn_equal_exact | syn_equal_casefold | syn_contains_a_in_b | syn_contains_b_in_a | syn_levenshtein | syn_levenshtein_sim | syn_damerau_osa | syn_damerau_osa_sim | syn_lcs_len | syn_lcs_ratio | syn_common_prefix_ratio | syn_common_suffix_ratio | syn_jaccard_tokens | syn_dice_tokens | syn_jaccard_bigrams | syn_jaccard_trigrams | syn_cosine_bigrams | syn_cosine_trigrams | syn_jaro | syn_jaro_winkler
syn_only,4,22,0.272,1.0,32.794671361999974,0.8482237250000253,0.400348350999991,0.9926686217008798,0.5274639657187379,0.688883235817858,syn_len_a | syn_len_b | syn_equal_exact | syn_equal_casefold | syn_contains_a_in_b | syn_contains_b_in_a | syn_levenshtein | syn_levenshtein_sim | syn_damerau_osa | syn_damerau_osa_sim | syn_lcs_len | syn_lcs_ratio | syn_common_prefix_ratio | syn_common_suffix_ratio | syn_jaccard_tokens | syn_dice_tokens | syn_jaccard_bigrams | syn_jaccard_trigrams | syn_cosine_bigrams | syn_cosine_trigrams | syn_jaro | syn_jaro_winkler
syn_only,5,22,0.386,1.0,40.04365512800001,0.9903448030000277,0.22554505300001892,0.9978471474703983,0.6229838709677419,0.7670666115018618,syn_len_a | syn_len_b | syn_equal_exact | syn_equal_casefold | syn_contains_a_in_b | syn_contains_b_in_a | syn_levenshtein | syn_levenshtein_sim | syn_damerau_osa | syn_damerau_osa_sim | syn_lcs_len | syn_lcs_ratio | syn_common_prefix_ratio | syn_common_suffix_ratio | syn_jaccard_tokens | syn_dice_tokens | syn_jaccard_bigrams | syn_jaccard_trigrams | syn_cosine_bigrams | syn_cosine_trigrams | syn_jaro | syn_jaro_winkler
distance_only,0,7,0.332,1.0,39.547590883,0.9315974639999922,0.4158011519999718,0.9862174578866769,0.23913850724099517,0.38493723849372385,cls_euclidean | cls_cosine_sim | cls_pearson | cls_spearman | cls_minkowski | cls_canberra | cls_chebyshev
distance_only,1,7,0.229,0.9996219281663516,38.23709427199998,0.9306134749999728,0.42564833300002647,0.9641532756489494,0.28867505551443373,0.44431785816006836,cls_euclidean | cls_cosine_sim | cls_pearson | cls_spearman | cls_minkowski | cls_canberra | cls_chebyshev
distance_only,2,7,0.24,0.9996315401621223,37.16520267300007,0.8991475960000344,0.41838027400001465,0.9634920634920635,0.22708567153011597,0.36754465637299427,cls_euclidean | cls_cosine_sim | cls_pearson | cls_spearman | cls_minkowski | cls_canberra | cls_chebyshev
distance_only,3,7,0.232,0.9997407311381903,39.296384021999984,0.9511815019999403,0.46765576200004944,0.9494833524684271,0.29758906081324216,0.45315068493150684,cls_euclidean | cls_cosine_sim | cls_pearson | cls_spearman | cls_minkowski | cls_canberra | cls_chebyshev
distance_only,4,7,0.318,1.0,42.42087855400007,1.049396004000073,0.47935665499994684,0.9625585023400937,0.2403583950136346,0.3846633416458853,cls_euclidean | cls_cosine_sim | cls_pearson | cls_spearman | cls_minkowski | cls_canberra | cls_chebyshev
distance_only,5,7,0.383,1.0,54.19275134899999,1.437682728000027,0.31501801699994303,0.9769230769230769,0.34139784946236557,0.5059760956175299,cls_euclidean | cls_cosine_sim | cls_pearson | cls_spearman | cls_minkowski | cls_canberra | cls_chebyshev
topological_only,0,31,0.223,1.0,36.447924692000015,1.0577887299999702,0.4869609809999247,0.925,0.06869662086891942,0.12789491876944348,tda_h0_count_src | tda_h1_count_src | tda_h2_count_src | tda_h0_max_life_src | tda_h1_max_life_src | tda_h2_max_life_src | tda_h0_entropy_src | tda_h1_entropy_src | tda_h2_entropy_src | tda_h0_count_tgt | tda_h1_count_tgt | tda_h2_count_tgt | tda_h0_max_life_tgt | tda_h1_max_life_tgt | tda_h2_max_life_tgt | tda_h0_entropy_tgt | tda_h1_entropy_tgt | tda_h2_entropy_tgt | tda_h0_count_combined | tda_h1_count_combined | tda_h2_count_combined | tda_h0_max_life_combined | tda_h1_max_life_combined | tda_h2_max_life_combined | tda_h0_entropy_combined | tda_h1_entropy_combined | tda_h2_entropy_combined | tda_h0_bottleneck | tda_h0_wasserstein | tda_h1_bottleneck | tda_h1_wasserstein
topological_only,1,31,0.243,0.9996219281663516,35.533707757,1.047889908000002,0.47980800599998474,0.9459459459459459,0.05181347150259067,0.09824561403508772,tda_h0_count_src | tda_h1_count_src | tda_h2_count_src | tda_h0_max_life_src | tda_h1_max_life_src | tda_h2_max_life_src | tda_h0_entropy_src | tda_h1_entropy_src | tda_h2_entropy_src | tda_h0_count_tgt | tda_h1_count_tgt | tda_h2_count_tgt | tda_h0_max_life_tgt | tda_h1_max_life_tgt | tda_h2_max_life_tgt | tda_h0_entropy_tgt | tda_h1_entropy_tgt | tda_h2_entropy_tgt | tda_h0_count_combined | tda_h1_count_combined | tda_h2_count_combined | tda_h0_max_life_combined | tda_h1_max_life_combined | tda_h2_max_life_combined | tda_h0_entropy_combined | tda_h1_entropy_combined | tda_h2_entropy_combined | tda_h0_bottleneck | tda_h0_wasserstein | tda_h1_bottleneck | tda_h1_wasserstein
topological_only,2,31,0.198,0.9996315401621223,34.96749314400006,1.0269206280000844,0.47969112099997346,0.9369747899159664,0.08342686120463898,0.15321195465475781,tda_h0_count_src | tda_h1_count_src | tda_h2_count_src | tda_h0_max_life_src | tda_h1_max_life_src | tda_h2_max_life_src | tda_h0_entropy_src | tda_h1_entropy_src | tda_h2_entropy_src | tda_h0_count_tgt | tda_h1_count_tgt | tda_h2_count_tgt | tda_h0_max_life_tgt | tda_h1_max_life_tgt | tda_h2_max_life_tgt | tda_h0_entropy_tgt | tda_h1_entropy_tgt | tda_h2_entropy_tgt | tda_h0_count_combined | tda_h1_count_combined | tda_h2_count_combined | tda_h0_max_life_combined | tda_h1_max_life_combined | tda_h2_max_life_combined | tda_h0_entropy_combined | tda_h1_entropy_combined | tda_h2_entropy_combined | tda_h0_bottleneck | tda_h0_wasserstein | tda_h1_bottleneck | tda_h1_wasserstein
topological_only,3,31,0.152,0.9997407311381903,35.6181455630001,1.1142571479999788,0.4957549349999226,0.9158653846153846,0.1370996761424973,0.23849765258215963,tda_h0_count_src | tda_h1_count_src | tda_h2_count_src | tda_h0_max_life_src | tda_h1_max_life_src | tda_h2_max_life_src | tda_h0_entropy_src | tda_h1_entropy_src | tda_h2_entropy_src | tda_h0_count_tgt | tda_h1_count_tgt | tda_h2_count_tgt | tda_h0_max_life_tgt | tda_h1_max_life_tgt | tda_h2_max_life_tgt | tda_h0_entropy_tgt | tda_h1_entropy_tgt | tda_h2_entropy_tgt | tda_h0_count_combined | tda_h1_count_combined | tda_h2_count_combined | tda_h0_max_life_combined | tda_h1_max_life_combined | tda_h2_max_life_combined | tda_h0_entropy_combined | tda_h1_entropy_combined | tda_h2_entropy_combined | tda_h0_bottleneck | tda_h0_wasserstein | tda_h1_bottleneck | tda_h1_wasserstein
topological_only,4,31,0.232,1.0,37.37463601100001,1.1649279459999207,0.48189521099993726,0.9545454545454546,0.0736268017140631,0.13670886075949368,tda_h0_count_src | tda_h1_count_src | tda_h2_count_src | tda_h0_max_life_src | tda_h1_max_life_src | tda_h2_max_life_src | tda_h0_entropy_src | tda_h1_entropy_src | tda_h2_entropy_src | tda_h0_count_tgt | tda_h1_count_tgt | tda_h2_count_tgt | tda_h0_max_life_tgt | tda_h1_max_life_tgt | tda_h2_max_life_tgt | tda_h0_entropy_tgt | tda_h1_entropy_tgt | tda_h2_entropy_tgt | tda_h0_count_combined | tda_h1_count_combined | tda_h2_count_combined | tda_h0_max_life_combined | tda_h1_max_life_combined | tda_h2_max_life_combined | tda_h0_entropy_combined | tda_h1_entropy_combined | tda_h2_entropy_combined | tda_h0_bottleneck | tda_h0_wasserstein | tda_h1_bottleneck | tda_h1_wasserstein
topological_only,5,31,0.252,1.0,47.20009847799997,1.531659470999898,0.32117994299994734,0.9590163934426229,0.15725806451612903,0.2702078521939954,tda_h0_count_src | tda_h1_count_src | tda_h2_count_src | tda_h0_max_life_src | tda_h1_max_life_src | tda_h2_max_life_src | tda_h0_entropy_src | tda_h1_entropy_src | tda_h2_entropy_src | tda_h0_count_tgt | tda_h1_count_tgt | tda_h2_count_tgt | tda_h0_max_life_tgt | tda_h1_max_life_tgt | tda_h2_max_life_tgt | tda_h0_entropy_tgt | tda_h1_entropy_tgt | tda_h2_entropy_tgt | tda_h0_count_combined | tda_h1_count_combined | tda_h2_count_combined | tda_h0_max_life_combined | tda_h1_max_life_combined | tda_h2_max_life_combined | tda_h0_entropy_combined | tda_h1_entropy_combined | tda_h2_entropy_combined | tda_h0_bottleneck | tda_h0_wasserstein | tda_h1_bottleneck | tda_h1_wasserstein
syn_distance,0,29,0.275,1.0,34.41898753500004,0.8881227609999769,0.39228242499996213,0.9897260273972602,0.4292610471593019,0.5988085988085988,syn_len_a | syn_len_b | syn_equal_exact | syn_equal_casefold | syn_contains_a_in_b | syn_contains_b_in_a | syn_levenshtein | syn_levenshtein_sim | syn_damerau_osa | syn_damerau_osa_sim | syn_lcs_len | syn_lcs_ratio | syn_common_prefix_ratio | syn_common_suffix_ratio | syn_jaccard_tokens | syn_dice_tokens | syn_jaccard_bigrams | syn_jaccard_trigrams | syn_cosine_bigrams | syn_cosine_trigrams | syn_jaro | syn_jaro_winkler | cls_euclidean | cls_cosine_sim | cls_pearson | cls_spearman | cls_minkowski | cls_canberra | cls_chebyshev
syn_distance,1,29,0.249,0.9996219281663516,35.76538819899986,0.8519064370000251,0.3717346710000129,0.9867780097425192,0.5247964470762398,0.6851896593380044,syn_len_a | syn_len_b | syn_equal_exact | syn_equal_casefold | syn_contains_a_in_b | syn_contains_b_in_a | syn_levenshtein | syn_levenshtein_sim | syn_damerau_osa | syn_damerau_osa_sim | syn_lcs_len | syn_lcs_ratio | syn_common_prefix_ratio | syn_common_suffix_ratio | syn_jaccard_tokens | syn_dice_tokens | syn_jaccard_bigrams | syn_jaccard_trigrams | syn_cosine_bigrams | syn_cosine_trigrams | syn_jaro | syn_jaro_winkler | cls_euclidean | cls_cosine_sim | cls_pearson | cls_spearman | cls_minkowski | cls_canberra | cls_chebyshev
syn_distance,2,29,0.355,0.9996315401621223,32.50437508799996,0.8277706170001693,0.38878147800005536,0.9946476360392507,0.4171343060231949,0.5877701634159199,syn_len_a | syn_len_b | syn_equal_exact | syn_equal_casefold | syn_contains_a_in_b | syn_contains_b_in_a | syn_levenshtein | syn_levenshtein_sim | syn_damerau_osa | syn_damerau_osa_sim | syn_lcs_len | syn_lcs_ratio | syn_common_prefix_ratio | syn_common_suffix_ratio | syn_jaccard_tokens | syn_dice_tokens | syn_jaccard_bigrams | syn_jaccard_trigrams | syn_cosine_bigrams | syn_cosine_trigrams | syn_jaro | syn_jaro_winkler | cls_euclidean | cls_cosine_sim | cls_pearson | cls_spearman | cls_minkowski | cls_canberra | cls_chebyshev
syn_distance,3,29,0.218,0.9997407311381903,34.86338080900009,0.8586298440000064,0.378809770000089,0.9839208410636983,0.5725080964375675,0.7238398544131028,syn_len_a | syn_len_b | syn_equal_exact | syn_equal_casefold | syn_contains_a_in_b | syn_contains_b_in_a | syn_levenshtein | syn_levenshtein_sim | syn_damerau_osa | syn_damerau_osa_sim | syn_lcs_len | syn_lcs_ratio | syn_common_prefix_ratio | syn_common_suffix_ratio | syn_jaccard_tokens | syn_dice_tokens | syn_jaccard_bigrams | syn_jaccard_trigrams | syn_cosine_bigrams | syn_cosine_trigrams | syn_jaro | syn_jaro_winkler | cls_euclidean | cls_cosine_sim | cls_pearson | cls_spearman | cls_minkowski | cls_canberra | cls_chebyshev
syn_distance,4,29,0.26,1.0,38.38742614299986,0.8811756750001223,0.37863998900002116,0.9896083133493205,0.4822750292169848,0.6485070717653222,syn_len_a | syn_len_b | syn_equal_exact | syn_equal_casefold | syn_contains_a_in_b | syn_contains_b_in_a | syn_levenshtein | syn_levenshtein_sim | syn_damerau_osa | syn_damerau_osa_sim | syn_lcs_len | syn_lcs_ratio | syn_common_prefix_ratio | syn_common_suffix_ratio | syn_jaccard_tokens | syn_dice_tokens | syn_jaccard_bigrams | syn_jaccard_trigrams | syn_cosine_bigrams | syn_cosine_trigrams | syn_jaro | syn_jaro_winkler | cls_euclidean | cls_cosine_sim | cls_pearson | cls_spearman | cls_minkowski | cls_canberra | cls_chebyshev
syn_distance,5,29,0.386,1.0,49.78113598800019,1.0878155929999593,0.22003386000005776,0.9988851727982163,0.6021505376344086,0.7513626834381552,syn_len_a | syn_len_b | syn_equal_exact | syn_equal_casefold | syn_contains_a_in_b | syn_contains_b_in_a | syn_levenshtein | syn_levenshtein_sim | syn_damerau_osa | syn_damerau_osa_sim | syn_lcs_len | syn_lcs_ratio | syn_common_prefix_ratio | syn_common_suffix_ratio | syn_jaccard_tokens | syn_dice_tokens | syn_jaccard_bigrams | syn_jaccard_trigrams | syn_cosine_bigrams | syn_cosine_trigrams | syn_jaro | syn_jaro_winkler | cls_euclidean | cls_cosine_sim | cls_pearson | cls_spearman | cls_minkowski | cls_canberra | cls_chebyshev
syn_topological,0,53,0.258,1.0,35.172481787999914,0.9053928040000301,0.42578945300010673,0.9858569051580699,0.44002970664686225,0.6084724005134788,syn_len_a | syn_len_b | syn_equal_exact | syn_equal_casefold | syn_contains_a_in_b | syn_contains_b_in_a | syn_levenshtein | syn_levenshtein_sim | syn_damerau_osa | syn_damerau_osa_sim | syn_lcs_len | syn_lcs_ratio | syn_common_prefix_ratio | syn_common_suffix_ratio | syn_jaccard_tokens | syn_dice_tokens | syn_jaccard_bigrams | syn_jaccard_trigrams | syn_cosine_bigrams | syn_cosine_trigrams | syn_jaro | syn_jaro_winkler | tda_h0_count_src | tda_h1_count_src | tda_h2_count_src | tda_h0_max_life_src | tda_h1_max_life_src | tda_h2_max_life_src | tda_h0_entropy_src | tda_h1_entropy_src | tda_h2_entropy_src | tda_h0_count_tgt | tda_h1_count_tgt | tda_h2_count_tgt | tda_h0_max_life_tgt | tda_h1_max_life_tgt | tda_h2_max_life_tgt | tda_h0_entropy_tgt | tda_h1_entropy_tgt | tda_h2_entropy_tgt | tda_h0_count_combined | tda_h1_count_combined | tda_h2_count_combined | tda_h0_max_life_combined | tda_h1_max_life_combined | tda_h2_max_life_combined | tda_h0_entropy_combined | tda_h1_entropy_combined | tda_h2_entropy_combined | tda_h0_bottleneck | tda_h0_wasserstein | tda_h1_bottleneck | tda_h1_wasserstein
syn_topological,1,53,0.278,0.9996219281663516,36.18138293900006,0.7979508420000911,0.38503474000003735,0.9908326967150497,0.48001480384900075,0.6467215158314634,syn_len_a | syn_len_b | syn_equal_exact | syn_equal_casefold | syn_contains_a_in_b | syn_contains_b_in_a | syn_levenshtein | syn_levenshtein_sim | syn_damerau_osa | syn_damerau_osa_sim | syn_lcs_len | syn_lcs_ratio | syn_common_prefix_ratio | syn_common_suffix_ratio | syn_jaccard_tokens | syn_dice_tokens | syn_jaccard_bigrams | syn_jaccard_trigrams | syn_cosine_bigrams | syn_cosine_trigrams | syn_jaro | syn_jaro_winkler | tda_h0_count_src | tda_h1_count_src | tda_h2_count_src | tda_h0_max_life_src | tda_h1_max_life_src | tda_h2_max_life_src | tda_h0_entropy_src | tda_h1_entropy_src | tda_h2_entropy_src | tda_h0_count_tgt | tda_h1_count_tgt | tda_h2_count_tgt | tda_h0_max_life_tgt | tda_h1_max_life_tgt | tda_h2_max_life_tgt | tda_h0_entropy_tgt | tda_h1_entropy_tgt | tda_h2_entropy_tgt | tda_h0_count_combined | tda_h1_count_combined | tda_h2_count_combined | tda_h0_max_life_combined | tda_h1_max_life_combined | tda_h2_max_life_combined | tda_h0_entropy_combined | tda_h1_entropy_combined | tda_h2_entropy_combined | tda_h0_bottleneck | tda_h0_wasserstein | tda_h1_bottleneck | tda_h1_wasserstein
syn_topological,2,53,0.292,0.9996315401621223,32.41973490800001,0.835979210000005,0.37883705800004464,0.9939024390243902,0.4268612046389824,0.5972258571054698,syn_len_a | syn_len_b | syn_equal_exact | syn_equal_casefold | syn_contains_a_in_b | syn_contains_b_in_a | syn_levenshtein | syn_levenshtein_sim | syn_damerau_osa | syn_damerau_osa_sim | syn_lcs_len | syn_lcs_ratio | syn_common_prefix_ratio | syn_common_suffix_ratio | syn_jaccard_tokens | syn_dice_tokens | syn_jaccard_bigrams | syn_jaccard_trigrams | syn_cosine_bigrams | syn_cosine_trigrams | syn_jaro | syn_jaro_winkler | tda_h0_count_src | tda_h1_count_src | tda_h2_count_src | tda_h0_max_life_src | tda_h1_max_life_src | tda_h2_max_life_src | tda_h0_entropy_src | tda_h1_entropy_src | tda_h2_entropy_src | tda_h0_count_tgt | tda_h1_count_tgt | tda_h2_count_tgt | tda_h0_max_life_tgt | tda_h1_max_life_tgt | tda_h2_max_life_tgt | tda_h0_entropy_tgt | tda_h1_entropy_tgt | tda_h2_entropy_tgt | tda_h0_count_combined | tda_h1_count_combined | tda_h2_count_combined | tda_h0_max_life_combined | tda_h1_max_life_combined | tda_h2_max_life_combined | tda_h0_entropy_combined | tda_h1_entropy_combined | tda_h2_entropy_combined | tda_h0_bottleneck | tda_h0_wasserstein | tda_h1_bottleneck | tda_h1_wasserstein
syn_topological,3,53,0.295,0.9997407311381903,33.812748932999966,0.8640064049998273,0.45623516399996333,0.991672975018925,0.4713925872616049,0.6390243902439025,syn_len_a | syn_len_b | syn_equal_exact | syn_equal_casefold | syn_contains_a_in_b | syn_contains_b_in_a | syn_levenshtein | syn_levenshtein_sim | syn_damerau_osa | syn_damerau_osa_sim | syn_lcs_len | syn_lcs_ratio | syn_common_prefix_ratio | syn_common_suffix_ratio | syn_jaccard_tokens | syn_dice_tokens | syn_jaccard_bigrams | syn_jaccard_trigrams | syn_cosine_bigrams | syn_cosine_trigrams | syn_jaro | syn_jaro_winkler | tda_h0_count_src | tda_h1_count_src | tda_h2_count_src | tda_h0_max_life_src | tda_h1_max_life_src | tda_h2_max_life_src | tda_h0_entropy_src | tda_h1_entropy_src | tda_h2_entropy_src | tda_h0_count_tgt | tda_h1_count_tgt | tda_h2_count_tgt | tda_h0_max_life_tgt | tda_h1_max_life_tgt | tda_h2_max_life_tgt | tda_h0_entropy_tgt | tda_h1_entropy_tgt | tda_h2_entropy_tgt | tda_h0_count_combined | tda_h1_count_combined | tda_h2_count_combined | tda_h0_max_life_combined | tda_h1_max_life_combined | tda_h2_max_life_combined | tda_h0_entropy_combined | tda_h1_entropy_combined | tda_h2_entropy_combined | tda_h0_bottleneck | tda_h0_wasserstein | tda_h1_bottleneck | tda_h1_wasserstein
syn_topological,4,53,0.232,1.0,37.39049403100012,0.9398498549999204,0.3964383900001849,0.987887963663891,0.5083755356447215,0.6712962962962963,syn_len_a | syn_len_b | syn_equal_exact | syn_equal_casefold | syn_contains_a_in_b | syn_contains_b_in_a | syn_levenshtein | syn_levenshtein_sim | syn_damerau_osa | syn_damerau_osa_sim | syn_lcs_len | syn_lcs_ratio | syn_common_prefix_ratio | syn_common_suffix_ratio | syn_jaccard_tokens | syn_dice_tokens | syn_jaccard_bigrams | syn_jaccard_trigrams | syn_cosine_bigrams | syn_cosine_trigrams | syn_jaro | syn_jaro_winkler | tda_h0_count_src | tda_h1_count_src | tda_h2_count_src | tda_h0_max_life_src | tda_h1_max_life_src | tda_h2_max_life_src | tda_h0_entropy_src | tda_h1_entropy_src | tda_h2_entropy_src | tda_h0_count_tgt | tda_h1_count_tgt | tda_h2_count_tgt | tda_h0_max_life_tgt | tda_h1_max_life_tgt | tda_h2_max_life_tgt | tda_h0_entropy_tgt | tda_h1_entropy_tgt | tda_h2_entropy_tgt | tda_h0_count_combined | tda_h1_count_combined | tda_h2_count_combined | tda_h0_max_life_combined | tda_h1_max_life_combined | tda_h2_max_life_combined | tda_h0_entropy_combined | tda_h1_entropy_combined | tda_h2_entropy_combined | tda_h0_bottleneck | tda_h0_wasserstein | tda_h1_bottleneck | tda_h1_wasserstein
syn_topological,5,53,0.36,1.0,48.6630400250001,1.129583808999996,0.23633228200014855,0.9988358556461001,0.5766129032258065,0.7311461440136344,syn_len_a | syn_len_b | syn_equal_exact | syn_equal_casefold | syn_contains_a_in_b | syn_contains_b_in_a | syn_levenshtein | syn_levenshtein_sim | syn_damerau_osa | syn_damerau_osa_sim | syn_lcs_len | syn_lcs_ratio | syn_common_prefix_ratio | syn_common_suffix_ratio | syn_jaccard_tokens | syn_dice_tokens | syn_jaccard_bigrams | syn_jaccard_trigrams | syn_cosine_bigrams | syn_cosine_trigrams | syn_jaro | syn_jaro_winkler | tda_h0_count_src | tda_h1_count_src | tda_h2_count_src | tda_h0_max_life_src | tda_h1_max_life_src | tda_h2_max_life_src | tda_h0_entropy_src | tda_h1_entropy_src | tda_h2_entropy_src | tda_h0_count_tgt | tda_h1_count_tgt | tda_h2_count_tgt | tda_h0_max_life_tgt | tda_h1_max_life_tgt | tda_h2_max_life_tgt | tda_h0_entropy_tgt | tda_h1_entropy_tgt | tda_h2_entropy_tgt | tda_h0_count_combined | tda_h1_count_combined | tda_h2_count_combined | tda_h0_max_life_combined | tda_h1_max_life_combined | tda_h2_max_life_combined | tda_h0_entropy_combined | tda_h1_entropy_combined | tda_h2_entropy_combined | tda_h0_bottleneck | tda_h0_wasserstein | tda_h1_bottleneck | tda_h1_wasserstein
distance_topological,0,38,0.20600000000000002,1.0,39.93402793900009,0.9401841879998756,0.4407389370001056,0.976545842217484,0.3401411065725956,0.504544202698981,cls_euclidean | cls_cosine_sim | cls_pearson | cls_spearman | cls_minkowski | cls_canberra | cls_chebyshev | tda_h0_count_src | tda_h1_count_src | tda_h2_count_src | tda_h0_max_life_src | tda_h1_max_life_src | tda_h2_max_life_src | tda_h0_entropy_src | tda_h1_entropy_src | tda_h2_entropy_src | tda_h0_count_tgt | tda_h1_count_tgt | tda_h2_count_tgt | tda_h0_max_life_tgt | tda_h1_max_life_tgt | tda_h2_max_life_tgt | tda_h0_entropy_tgt | tda_h1_entropy_tgt | tda_h2_entropy_tgt | tda_h0_count_combined | tda_h1_count_combined | tda_h2_count_combined | tda_h0_max_life_combined | tda_h1_max_life_combined | tda_h2_max_life_combined | tda_h0_entropy_combined | tda_h1_entropy_combined | tda_h2_entropy_combined | tda_h0_bottleneck | tda_h0_wasserstein | tda_h1_bottleneck | tda_h1_wasserstein
distance_topological,1,38,0.22,0.9996219281663516,40.26279544900012,0.9452682290000212,0.4497262390000287,0.9724366041896362,0.32642487046632124,0.48877805486284287,cls_euclidean | cls_cosine_sim | cls_pearson | cls_spearman | cls_minkowski | cls_canberra | cls_chebyshev | tda_h0_count_src | tda_h1_count_src | tda_h2_count_src | tda_h0_max_life_src | tda_h1_max_life_src | tda_h2_max_life_src | tda_h0_entropy_src | tda_h1_entropy_src | tda_h2_entropy_src | tda_h0_count_tgt | tda_h1_count_tgt | tda_h2_count_tgt | tda_h0_max_life_tgt | tda_h1_max_life_tgt | tda_h2_max_life_tgt | tda_h0_entropy_tgt | tda_h1_entropy_tgt | tda_h2_entropy_tgt | tda_h0_count_combined | tda_h1_count_combined | tda_h2_count_combined | tda_h0_max_life_combined | tda_h1_max_life_combined | tda_h2_max_life_combined | tda_h0_entropy_combined | tda_h1_entropy_combined | tda_h2_entropy_combined | tda_h0_bottleneck | tda_h0_wasserstein | tda_h1_bottleneck | tda_h1_wasserstein
distance_topological,2,38,0.226,0.9996315401621223,39.57849557899999,1.0121682629999214,0.4577695569998923,0.9813432835820896,0.2951739618406285,0.453839516824849,cls_euclidean | cls_cosine_sim | cls_pearson | cls_spearman | cls_minkowski | cls_canberra | cls_chebyshev | tda_h0_count_src | tda_h1_count_src | tda_h2_count_src | tda_h0_max_life_src | tda_h1_max_life_src | tda_h2_max_life_src | tda_h0_entropy_src | tda_h1_entropy_src | tda_h2_entropy_src | tda_h0_count_tgt | tda_h1_count_tgt | tda_h2_count_tgt | tda_h0_max_life_tgt | tda_h1_max_life_tgt | tda_h2_max_life_tgt | tda_h0_entropy_tgt | tda_h1_entropy_tgt | tda_h2_entropy_tgt | tda_h0_count_combined | tda_h1_count_combined | tda_h2_count_combined | tda_h0_max_life_combined | tda_h1_max_life_combined | tda_h2_max_life_combined | tda_h0_entropy_combined | tda_h1_entropy_combined | tda_h2_entropy_combined | tda_h0_bottleneck | tda_h0_wasserstein | tda_h1_bottleneck | tda_h1_wasserstein
distance_topological,3,38,0.17200000000000001,0.9997407311381903,39.71592904799991,0.9635637189999215,0.4785965700000361,0.9512195121951219,0.40698092839150773,0.5700604838709677,cls_euclidean | cls_cosine_sim | cls_pearson | cls_spearman | cls_minkowski | cls_canberra | cls_chebyshev | tda_h0_count_src | tda_h1_count_src | tda_h2_count_src | tda_h0_max_life_src | tda_h1_max_life_src | tda_h2_max_life_src | tda_h0_entropy_src | tda_h1_entropy_src | tda_h2_entropy_src | tda_h0_count_tgt | tda_h1_count_tgt | tda_h2_count_tgt | tda_h0_max_life_tgt | tda_h1_max_life_tgt | tda_h2_max_life_tgt | tda_h0_entropy_tgt | tda_h1_entropy_tgt | tda_h2_entropy_tgt | tda_h0_count_combined | tda_h1_count_combined | tda_h2_count_combined | tda_h0_max_life_combined | tda_h1_max_life_combined | tda_h2_max_life_combined | tda_h0_entropy_combined | tda_h1_entropy_combined | tda_h2_entropy_combined | tda_h0_bottleneck | tda_h0_wasserstein | tda_h1_bottleneck | tda_h1_wasserstein
distance_topological,4,38,0.209,1.0,44.282543242999964,0.9981732629998987,0.42733151800007363,0.9561707035755479,0.32294507206856254,0.48281887012230634,cls_euclidean | cls_cosine_sim | cls_pearson | cls_spearman | cls_minkowski | cls_canberra | cls_chebyshev | tda_h0_count_src | tda_h1_count_src | tda_h2_count_src | tda_h0_max_life_src | tda_h1_max_life_src | tda_h2_max_life_src | tda_h0_entropy_src | tda_h1_entropy_src | tda_h2_entropy_src | tda_h0_count_tgt | tda_h1_count_tgt | tda_h2_count_tgt | tda_h0_max_life_tgt | tda_h1_max_life_tgt | tda_h2_max_life_tgt | tda_h0_entropy_tgt | tda_h1_entropy_tgt | tda_h2_entropy_tgt | tda_h0_count_combined | tda_h1_count_combined | tda_h2_count_combined | tda_h0_max_life_combined | tda_h1_max_life_combined | tda_h2_max_life_combined | tda_h0_entropy_combined | tda_h1_entropy_combined | tda_h2_entropy_combined | tda_h0_bottleneck | tda_h0_wasserstein | tda_h1_bottleneck | tda_h1_wasserstein
distance_topological,5,38,0.28300000000000003,1.0,55.84254309100015,1.350549041000022,0.2816978159999053,0.978328173374613,0.42473118279569894,0.5923149015932521,cls_euclidean | cls_cosine_sim | cls_pearson | cls_spearman | cls_minkowski | cls_canberra | cls_chebyshev | tda_h0_count_src | tda_h1_count_src | tda_h2_count_src | tda_h0_max_life_src | tda_h1_max_life_src | tda_h2_max_life_src | tda_h0_entropy_src | tda_h1_entropy_src | tda_h2_entropy_src | tda_h0_count_tgt | tda_h1_count_tgt | tda_h2_count_tgt | tda_h0_max_life_tgt | tda_h1_max_life_tgt | tda_h2_max_life_tgt | tda_h0_entropy_tgt | tda_h1_entropy_tgt | tda_h2_entropy_tgt | tda_h0_count_combined | tda_h1_count_combined | tda_h2_count_combined | tda_h0_max_life_combined | tda_h1_max_life_combined | tda_h2_max_life_combined | tda_h0_entropy_combined | tda_h1_entropy_combined | tda_h2_entropy_combined | tda_h0_bottleneck | tda_h0_wasserstein | tda_h1_bottleneck | tda_h1_wasserstein
pearson085_rf_importance_k10,0,10,0.315,1.0,29.52128290099995,0.7698283770000671,0.35748321200003375,0.9885931558935361,0.48273301151132564,0.6487025948103793,syn_cosine_bigrams | syn_jaccard_trigrams | syn_jaccard_tokens | syn_jaro_winkler | cls_euclidean | syn_lcs_ratio | cls_chebyshev | syn_len_b | syn_common_suffix_ratio | tda_h0_entropy_combined
pearson085_rf_importance_k10,1,10,0.272,0.9996219281663516,29.084777320000057,0.7224214689999826,0.34912220899991553,0.9950564971751412,0.5214655810510733,0.6843127731908694,syn_cosine_bigrams | syn_jaccard_trigrams | syn_jaccard_tokens | syn_jaro_winkler | cls_euclidean | syn_lcs_ratio | cls_chebyshev | syn_len_b | syn_common_suffix_ratio | tda_h0_entropy_combined
pearson085_rf_importance_k10,2,10,0.263,0.9996315401621223,28.296274273000108,0.730578137999828,0.33663724099983483,0.9913106444605359,0.5121586232697344,0.6753823384311791,syn_cosine_bigrams | syn_jaccard_trigrams | syn_jaccard_tokens | syn_jaro_winkler | cls_euclidean | syn_lcs_ratio | cls_chebyshev | syn_len_b | syn_common_suffix_ratio | tda_h0_entropy_combined
pearson085_rf_importance_k10,3,10,0.269,0.9997407311381903,29.993734109999878,0.7129126380000343,0.3399975380000342,0.9849829351535836,0.5192515293270961,0.6800188501413761,syn_cosine_bigrams | syn_jaccard_trigrams | syn_jaccard_tokens | syn_jaro_winkler | cls_euclidean | syn_lcs_ratio | cls_chebyshev | syn_len_b | syn_common_suffix_ratio | tda_h0_entropy_combined
pearson085_rf_importance_k10,4,10,0.34600000000000003,1.0,31.608985888999996,0.7673429199999191,0.3478129679999711,0.9931740614334471,0.45344760420724584,0.6226263706873496,syn_cosine_bigrams | syn_jaccard_trigrams | syn_jaccard_tokens | syn_jaro_winkler | cls_euclidean | syn_lcs_ratio | cls_chebyshev | syn_len_b | syn_common_suffix_ratio | tda_h0_entropy_combined
pearson085_rf_importance_k10,5,10,0.386,1.0,40.21157087000006,0.9101422829999137,0.21854168900017612,0.9967602591792657,0.6202956989247311,0.7647058823529411,syn_cosine_bigrams | syn_jaccard_trigrams | syn_jaccard_tokens | syn_jaro_winkler | cls_euclidean | syn_lcs_ratio | cls_chebyshev | syn_len_b | syn_common_suffix_ratio | tda_h0_entropy_combined
