n_selected,selected,mean_precision_pairs,std_precision_pairs,mean_recall_pairs,std_recall_pairs,mean_f1_pairs,std_f1_pairs,n_pair_ids_eval,mean_f1_folds,std_f1_folds,n_syn,n_cls,n_tda,source_protocol,method,hyperparams,note,max_abs_spearman,median_abs_spearman,n_pairs_abs_spearman_ge_0_5,n_pairs_abs_spearman_ge_0_7
20,syn_jaro_winkler | tda_h0_entropy_combined | syn_contains_b_in_a | tda_h1_max_life_combined | cls_chebyshev | tda_h0_bottleneck | tda_h2_entropy_tgt | tda_h0_max_life_tgt | syn_cosine_bigrams | tda_h2_entropy_src | tda_h0_max_life_src | cls_canberra | tda_h1_max_life_tgt | syn_cosine_trigrams | tda_h2_max_life_tgt | tda_h0_wasserstein | tda_h1_entropy_combined | syn_common_suffix_ratio | tda_h2_max_life_src | syn_jaro,0.8054875405640795,0.3336261312214724,0.466002923489035,0.320391237231508,0.5499034005482403,0.3075295219124605,551,0.6390998199219607,0.0338739216854426,6,2,12,stage1_first_benchmark,mrmr_spearman,"{""k"": 20, ""penalty"": 2.0}","Recomputed with stage-2 protocol: full train, XGBoost 220 trees, threshold_opt_train, F1 averaged by pair_id.",0.9491651547674064,0.0613190126641423,5,2
38,syn_jaro_winkler | syn_cosine_bigrams | cls_euclidean | cls_chebyshev | syn_lcs_ratio | syn_jaccard_trigrams | tda_h0_wasserstein | tda_h0_entropy_combined | tda_h0_bottleneck | tda_h1_max_life_combined | tda_h1_entropy_combined | syn_jaccard_tokens | tda_h0_entropy_tgt | tda_h0_max_life_tgt | tda_h0_max_life_combined | syn_common_prefix_ratio | syn_damerau_osa | syn_common_suffix_ratio | tda_h1_wasserstein | tda_h1_max_life_tgt | syn_lcs_len | tda_h1_entropy_tgt | syn_len_b | tda_h0_max_life_src | tda_h0_entropy_src | tda_h2_max_life_combined | syn_len_a | tda_h1_max_life_src | tda_h1_entropy_src | tda_h2_entropy_combined | tda_h2_max_life_tgt | tda_h2_count_combined | syn_contains_b_in_a | tda_h2_max_life_src | tda_h2_entropy_tgt | tda_h2_count_src | tda_h2_entropy_src | tda_h2_count_tgt,0.8046823369853358,0.3450569494613006,0.4655470409735694,0.3297016525422002,0.5477524237938146,0.3178756896116581,551,0.6479145411327419,0.0772014944947318,12,2,24,stage1_first_benchmark,greedy_pearson,"{""threshold"": 0.8}","Recomputed with stage-2 protocol: full train, XGBoost 220 trees, threshold_opt_train, F1 averaged by pair_id.",0.9996138723464136,0.0966129266875116,58,15
38,syn_jaro_winkler | syn_cosine_bigrams | cls_euclidean | cls_chebyshev | syn_lcs_ratio | syn_jaccard_trigrams | tda_h0_wasserstein | tda_h0_entropy_combined | tda_h0_bottleneck | tda_h1_max_life_combined | tda_h1_entropy_combined | syn_jaccard_tokens | tda_h0_entropy_tgt | tda_h0_max_life_tgt | tda_h0_max_life_combined | syn_common_prefix_ratio | syn_damerau_osa | syn_common_suffix_ratio | tda_h1_wasserstein | tda_h1_max_life_tgt | syn_lcs_len | tda_h1_entropy_tgt | syn_len_b | tda_h0_max_life_src | tda_h0_entropy_src | tda_h2_max_life_combined | syn_len_a | tda_h1_max_life_src | tda_h1_entropy_src | tda_h2_entropy_combined | tda_h2_max_life_tgt | tda_h2_count_combined | syn_contains_b_in_a | tda_h2_max_life_src | tda_h2_entropy_tgt | tda_h2_count_src | tda_h2_entropy_src | tda_h2_count_tgt,0.8046823369853358,0.3450569494613006,0.4655470409735694,0.3297016525422002,0.5477524237938146,0.3178756896116581,551,0.6479145411327419,0.0772014944947318,12,2,24,stage1_first_benchmark,greedy_pearson,"{""threshold"": 0.85}",Copied from identical ordered feature set already recomputed with stage-2 protocol.,0.9996138723464136,0.0966129266875116,58,15
40,syn_jaro_winkler | syn_cosine_bigrams | syn_cosine_trigrams | cls_euclidean | cls_chebyshev | syn_lcs_ratio | syn_jaccard_trigrams | tda_h0_wasserstein | tda_h0_entropy_combined | tda_h0_bottleneck | tda_h1_max_life_combined | tda_h1_entropy_combined | syn_jaccard_tokens | tda_h0_entropy_tgt | tda_h0_max_life_tgt | tda_h0_max_life_combined | syn_common_prefix_ratio | syn_damerau_osa | syn_common_suffix_ratio | tda_h1_wasserstein | tda_h1_max_life_tgt | syn_lcs_len | tda_h1_entropy_tgt | syn_len_b | tda_h0_max_life_src | tda_h0_entropy_src | tda_h2_max_life_combined | tda_h1_count_combined | syn_len_a | tda_h1_max_life_src | tda_h1_entropy_src | tda_h2_entropy_combined | tda_h2_max_life_tgt | tda_h2_count_combined | syn_contains_b_in_a | tda_h2_max_life_src | tda_h2_entropy_tgt | tda_h2_count_src | tda_h2_entropy_src | tda_h2_count_tgt,0.8192618648889854,0.3367473558957071,0.4560001781252627,0.3203136174548873,0.5444329265424639,0.3100108080034728,551,0.6353646590165954,0.068546575078219,13,2,25,stage1_first_benchmark,greedy_pearson,"{""threshold"": 0.9}","Recomputed with stage-2 protocol: full train, XGBoost 220 trees, threshold_opt_train, F1 averaged by pair_id.",0.9996138723464136,0.1057102717106746,65,18
20,syn_jaro_winkler | syn_cosine_bigrams | syn_cosine_trigrams | cls_euclidean | cls_chebyshev | syn_lcs_ratio | tda_h0_wasserstein | tda_h0_entropy_combined | tda_h0_bottleneck | tda_h1_max_life_combined | tda_h1_entropy_combined | syn_jaccard_tokens | tda_h0_entropy_tgt | tda_h0_max_life_tgt | tda_h0_max_life_combined | syn_damerau_osa | tda_h1_wasserstein | syn_lcs_len | tda_h0_max_life_src | tda_h0_entropy_src,0.7880940638978008,0.3488749103851657,0.4588596574762273,0.3174587038987432,0.5429956228274286,0.3115787335995957,551,0.6461292323442911,0.0577731664124147,7,2,11,stage1_first_benchmark,greedy_nmi,"{""n_bins"": 10, ""threshold"": 0.3}","Recomputed with stage-2 protocol: full train, XGBoost 220 trees, threshold_opt_train, F1 averaged by pair_id.",0.7738300745574733,0.1767527375273843,20,4
40,syn_jaro_winkler | syn_cosine_bigrams | syn_cosine_trigrams | cls_euclidean | cls_canberra | syn_jaccard_bigrams | cls_chebyshev | syn_lcs_ratio | tda_h0_wasserstein | tda_h0_entropy_combined | tda_h0_bottleneck | tda_h1_max_life_combined | tda_h1_entropy_combined | syn_jaccard_tokens | tda_h0_entropy_tgt | tda_h0_max_life_tgt | tda_h0_max_life_combined | syn_common_prefix_ratio | syn_damerau_osa | syn_common_suffix_ratio | tda_h1_wasserstein | tda_h1_max_life_tgt | syn_lcs_len | tda_h0_count_combined | tda_h1_entropy_tgt | syn_len_b | tda_h0_max_life_src | tda_h0_entropy_src | tda_h2_max_life_combined | tda_h1_count_combined | syn_len_a | tda_h1_max_life_src | tda_h1_entropy_src | tda_h0_count_src | tda_h2_entropy_combined | tda_h2_max_life_tgt | syn_contains_b_in_a | tda_h2_max_life_src | tda_h2_entropy_tgt | tda_h2_entropy_src,0.8253120366188981,0.3351098358179268,0.4506946946259249,0.3143419703472859,0.5426731691504376,0.3055763058827285,551,0.6319234279847096,0.0497000328028462,13,3,24,stage1_first_benchmark,greedy_kendall,"{""threshold"": 0.8}","Recomputed with stage-2 protocol: full train, XGBoost 220 trees, threshold_opt_train, F1 averaged by pair_id.",0.9075762776983726,0.1112134908217473,80,22
37,syn_jaro_winkler | syn_cosine_bigrams | syn_cosine_trigrams | cls_euclidean | cls_chebyshev | syn_lcs_ratio | tda_h0_wasserstein | tda_h0_entropy_combined | tda_h0_bottleneck | tda_h1_max_life_combined | tda_h1_entropy_combined | syn_jaccard_tokens | tda_h0_entropy_tgt | tda_h0_max_life_tgt | tda_h0_max_life_combined | syn_common_prefix_ratio | syn_damerau_osa | syn_common_suffix_ratio | tda_h1_wasserstein | tda_h1_max_life_tgt | syn_lcs_len | tda_h1_entropy_tgt | syn_len_b | tda_h0_max_life_src | tda_h0_entropy_src | tda_h2_max_life_combined | tda_h1_count_combined | syn_len_a | tda_h1_max_life_src | tda_h1_entropy_src | tda_h0_count_src | tda_h2_entropy_combined | tda_h2_max_life_tgt | syn_contains_b_in_a | tda_h2_max_life_src | tda_h2_entropy_tgt | tda_h2_entropy_src,0.814117111213315,0.3427181883846715,0.4520790597714456,0.3222506172016366,0.5400534945731552,0.3129382042646104,551,0.6344526490764247,0.0676801236317718,12,2,23,stage1_first_benchmark,cluster_spearman,"{""threshold"": 0.9}",Copied from identical ordered feature set already recomputed with stage-2 protocol.,0.8987048836079023,0.1085985398676714,60,15
37,syn_jaro_winkler | syn_cosine_bigrams | syn_cosine_trigrams | cls_euclidean | cls_chebyshev | syn_lcs_ratio | tda_h0_wasserstein | tda_h0_entropy_combined | tda_h0_bottleneck | tda_h1_max_life_combined | tda_h1_entropy_combined | syn_jaccard_tokens | tda_h0_entropy_tgt | tda_h0_max_life_tgt | tda_h0_max_life_combined | syn_common_prefix_ratio | syn_damerau_osa | syn_common_suffix_ratio | tda_h1_wasserstein | tda_h1_max_life_tgt | syn_lcs_len | tda_h1_entropy_tgt | syn_len_b | tda_h0_max_life_src | tda_h0_entropy_src | tda_h2_max_life_combined | tda_h1_count_combined | syn_len_a | tda_h1_max_life_src | tda_h1_entropy_src | tda_h0_count_src | tda_h2_entropy_combined | tda_h2_max_life_tgt | syn_contains_b_in_a | tda_h2_max_life_src | tda_h2_entropy_tgt | tda_h2_entropy_src,0.814117111213315,0.3427181883846715,0.4520790597714456,0.3222506172016366,0.5400534945731552,0.3129382042646104,551,0.6344526490764247,0.0676801236317718,12,2,23,stage1_first_benchmark,greedy_spearman,"{""threshold"": 0.9}","Recomputed with stage-2 protocol: full train, XGBoost 220 trees, threshold_opt_train, F1 averaged by pair_id.",0.8987048836079023,0.1085985398676714,60,15
37,syn_jaro_winkler | syn_cosine_bigrams | syn_cosine_trigrams | cls_euclidean | cls_chebyshev | syn_lcs_ratio | tda_h0_wasserstein | tda_h0_entropy_combined | tda_h0_bottleneck | tda_h1_max_life_combined | tda_h1_entropy_combined | syn_jaccard_tokens | tda_h0_entropy_tgt | tda_h0_max_life_tgt | tda_h0_max_life_combined | syn_common_prefix_ratio | syn_damerau_osa | syn_common_suffix_ratio | tda_h1_wasserstein | tda_h1_max_life_tgt | syn_lcs_len | tda_h1_entropy_tgt | syn_len_b | tda_h0_max_life_src | tda_h0_entropy_src | tda_h2_max_life_combined | tda_h1_count_combined | syn_len_a | tda_h1_max_life_src | tda_h1_entropy_src | tda_h0_count_src | tda_h2_entropy_combined | tda_h2_max_life_tgt | syn_contains_b_in_a | tda_h2_max_life_src | tda_h2_entropy_tgt | tda_h2_entropy_src,0.814117111213315,0.3427181883846715,0.4520790597714456,0.3222506172016366,0.5400534945731552,0.3129382042646104,551,0.6344526490764247,0.0676801236317718,12,2,23,stage1_first_benchmark,family_aware_spearman,"{""family_threshold"": 0.9, ""global_threshold"": 0.9}",Copied from identical ordered feature set already recomputed with stage-2 protocol.,0.8987048836079023,0.1085985398676714,60,15
37,syn_jaro_winkler | syn_cosine_bigrams | syn_cosine_trigrams | cls_euclidean | cls_chebyshev | syn_lcs_ratio | tda_h0_wasserstein | tda_h0_entropy_combined | tda_h0_bottleneck | tda_h1_max_life_combined | tda_h1_entropy_combined | syn_jaccard_tokens | tda_h0_entropy_tgt | tda_h0_max_life_tgt | tda_h0_max_life_combined | syn_common_prefix_ratio | syn_damerau_osa | syn_common_suffix_ratio | tda_h1_wasserstein | tda_h1_max_life_tgt | syn_lcs_len | tda_h1_entropy_tgt | syn_len_b | tda_h0_max_life_src | tda_h0_entropy_src | tda_h2_max_life_combined | tda_h1_count_combined | syn_len_a | tda_h1_max_life_src | tda_h1_entropy_src | tda_h0_count_src | tda_h2_entropy_combined | tda_h2_max_life_tgt | syn_contains_b_in_a | tda_h2_max_life_src | tda_h2_entropy_tgt | tda_h2_entropy_src,0.814117111213315,0.3427181883846715,0.4520790597714456,0.3222506172016366,0.5400534945731552,0.3129382042646104,551,0.6344526490764247,0.0676801236317718,12,2,23,stage1_first_benchmark,family_aware_spearman,"{""family_threshold"": 0.9, ""global_threshold"": 0.95}",Copied from identical ordered feature set already recomputed with stage-2 protocol.,0.8987048836079023,0.1085985398676714,60,15
30,syn_jaro_winkler | syn_cosine_bigrams | cls_euclidean | cls_chebyshev | tda_h0_wasserstein | tda_h0_entropy_combined | tda_h0_bottleneck | tda_h1_max_life_combined | tda_h1_entropy_combined | syn_jaccard_tokens | tda_h0_entropy_tgt | tda_h0_max_life_tgt | tda_h0_max_life_combined | syn_common_prefix_ratio | syn_damerau_osa | syn_common_suffix_ratio | tda_h1_wasserstein | tda_h1_max_life_tgt | syn_lcs_len | tda_h1_entropy_tgt | tda_h0_max_life_src | tda_h0_entropy_src | tda_h2_max_life_combined | tda_h1_max_life_src | tda_h2_entropy_combined | tda_h2_max_life_tgt | syn_contains_b_in_a | tda_h2_max_life_src | tda_h2_entropy_tgt | tda_h2_entropy_src,0.7952830061996151,0.3498590503795995,0.4547390649250842,0.3229632270269447,0.539886424933112,0.3175853155918713,551,0.6396603539844969,0.0493615235794546,8,2,20,stage1_first_benchmark,cluster_spearman,"{""threshold"": 0.75}","Recomputed with stage-2 protocol: full train, XGBoost 220 trees, threshold_opt_train, F1 averaged by pair_id.",0.7738300745574733,0.0891721587268032,28,5
58,syn_len_a | syn_len_b | syn_contains_b_in_a | syn_levenshtein | syn_levenshtein_sim | syn_damerau_osa | syn_damerau_osa_sim | syn_lcs_len | syn_lcs_ratio | syn_common_prefix_ratio | syn_common_suffix_ratio | syn_jaccard_tokens | syn_dice_tokens | syn_jaccard_bigrams | syn_jaccard_trigrams | syn_cosine_bigrams | syn_cosine_trigrams | syn_jaro | syn_jaro_winkler | cls_euclidean | cls_cosine_dist | cls_cosine_sim | cls_pearson | cls_spearman | cls_minkowski | cls_canberra | cls_chebyshev | tda_h0_count_src | tda_h1_count_src | tda_h2_count_src | tda_h0_max_life_src | tda_h1_max_life_src | tda_h2_max_life_src | tda_h0_entropy_src | tda_h1_entropy_src | tda_h2_entropy_src | tda_h0_count_tgt | tda_h1_count_tgt | tda_h2_count_tgt | tda_h0_max_life_tgt | tda_h1_max_life_tgt | tda_h2_max_life_tgt | tda_h0_entropy_tgt | tda_h1_entropy_tgt | tda_h2_entropy_tgt | tda_h0_count_combined | tda_h1_count_combined | tda_h2_count_combined | tda_h0_max_life_combined | tda_h1_max_life_combined | tda_h2_max_life_combined | tda_h0_entropy_combined | tda_h1_entropy_combined | tda_h2_entropy_combined | tda_h0_bottleneck | tda_h0_wasserstein | tda_h1_bottleneck | tda_h1_wasserstein,0.8135270207531683,0.3456693615771634,0.4466674203051022,0.3176033662364028,0.5369017139445541,0.3115882738475165,551,0.6329595999244735,0.0604416382834459,19,8,31,stage1_reference_full,Base FULL MetaSpace,"{""n_features"": 58}","Recomputed with stage-2 protocol: full train, XGBoost 220 trees, threshold_opt_train, F1 averaged by pair_id.",1.0,0.1267817800828868,185,71
20,syn_jaro_winkler | tda_h0_entropy_combined | cls_chebyshev | tda_h0_bottleneck | tda_h1_max_life_combined | syn_cosine_bigrams | cls_canberra | syn_cosine_trigrams | tda_h1_entropy_combined | syn_jaro | tda_h0_wasserstein | cls_spearman | tda_h0_max_life_tgt | cls_minkowski | syn_lcs_ratio | cls_euclidean | tda_h0_entropy_tgt | syn_jaccard_bigrams | cls_cosine_dist | tda_h0_max_life_combined,0.7883507497897636,0.3450486978526612,0.4536367323483392,0.3201895941768104,0.5355676821586127,0.3125342743004113,551,0.636124190232385,0.0549282228874454,6,6,8,stage1_first_benchmark,mrmr_spearman,"{""k"": 20, ""penalty"": 0.5}","Recomputed with stage-2 protocol: full train, XGBoost 220 trees, threshold_opt_train, F1 averaged by pair_id.",0.9999999998635332,0.2026902235872774,28,14
49,syn_jaro_winkler | syn_jaro | syn_cosine_bigrams | syn_cosine_trigrams | cls_euclidean | cls_minkowski | cls_canberra | cls_spearman | syn_jaccard_bigrams | cls_chebyshev | syn_lcs_ratio | syn_damerau_osa_sim | syn_jaccard_trigrams | tda_h0_wasserstein | tda_h0_entropy_combined | tda_h0_bottleneck | tda_h1_max_life_combined | tda_h1_entropy_combined | syn_jaccard_tokens | tda_h0_entropy_tgt | tda_h0_max_life_tgt | tda_h0_max_life_combined | syn_common_prefix_ratio | syn_damerau_osa | syn_common_suffix_ratio | tda_h1_wasserstein | tda_h1_max_life_tgt | syn_lcs_len | tda_h0_count_combined | tda_h1_entropy_tgt | syn_len_b | tda_h0_max_life_src | tda_h0_entropy_src | tda_h2_max_life_combined | tda_h1_count_combined | syn_len_a | tda_h1_max_life_src | tda_h1_entropy_src | tda_h0_count_tgt | tda_h0_count_src | tda_h2_entropy_combined | tda_h1_count_src | tda_h2_max_life_tgt | tda_h2_count_combined | syn_contains_b_in_a | tda_h2_max_life_src | tda_h1_count_tgt | tda_h2_entropy_tgt | tda_h2_entropy_src,0.8205416348149671,0.3436762019591515,0.4437990812854807,0.3186983984726711,0.5335284767417712,0.3107363782947059,551,0.6317527362766224,0.0750328075883336,16,5,28,stage1_first_benchmark,greedy_kendall,"{""threshold"": 0.95}","Recomputed with stage-2 protocol: full train, XGBoost 220 trees, threshold_opt_train, F1 averaged by pair_id.",0.9947161540671244,0.1195207102796041,131,46
32,syn_jaro_winkler | syn_cosine_bigrams | cls_minkowski | cls_chebyshev | syn_lcs_ratio | tda_h0_wasserstein | tda_h0_entropy_combined | tda_h0_bottleneck | tda_h1_max_life_combined | tda_h1_entropy_combined | syn_jaccard_tokens | tda_h0_entropy_tgt | tda_h0_max_life_tgt | tda_h0_max_life_combined | syn_common_prefix_ratio | syn_damerau_osa | syn_common_suffix_ratio | tda_h1_wasserstein | tda_h1_max_life_tgt | syn_lcs_len | tda_h1_entropy_tgt | tda_h0_max_life_src | tda_h0_entropy_src | tda_h2_max_life_combined | tda_h1_max_life_src | tda_h1_entropy_src | tda_h2_entropy_combined | tda_h2_max_life_tgt | syn_contains_b_in_a | tda_h2_max_life_src | tda_h2_entropy_tgt | tda_h2_entropy_src,0.7968285753502364,0.3540199689324744,0.4484280324193306,0.324636240114265,0.5331926479897343,0.3196934150138104,551,0.635784129001433,0.0619927299731747,9,2,21,stage1_first_benchmark,graph_independent_spearman,"{""threshold"": 0.8}","Recomputed with stage-2 protocol: full train, XGBoost 220 trees, threshold_opt_train, F1 averaged by pair_id.",0.7738300745574733,0.092437978409485,33,6
45,syn_jaro_winkler | syn_jaro | syn_cosine_bigrams | syn_cosine_trigrams | cls_euclidean | syn_jaccard_bigrams | cls_chebyshev | syn_lcs_ratio | syn_jaccard_trigrams | tda_h0_wasserstein | tda_h0_entropy_combined | tda_h0_bottleneck | tda_h1_max_life_combined | tda_h1_entropy_combined | syn_jaccard_tokens | tda_h0_entropy_tgt | tda_h0_max_life_tgt | tda_h0_max_life_combined | syn_common_prefix_ratio | syn_damerau_osa | syn_common_suffix_ratio | tda_h1_wasserstein | tda_h1_max_life_tgt | syn_lcs_len | tda_h0_count_combined | tda_h1_entropy_tgt | syn_len_b | tda_h0_max_life_src | tda_h0_entropy_src | tda_h2_max_life_combined | tda_h1_count_combined | syn_len_a | tda_h1_max_life_src | tda_h1_entropy_src | tda_h0_count_tgt | tda_h0_count_src | tda_h2_entropy_combined | tda_h2_max_life_tgt | tda_h2_count_combined | syn_contains_b_in_a | tda_h2_max_life_src | tda_h2_entropy_tgt | tda_h2_count_src | tda_h2_entropy_src | tda_h2_count_tgt,0.8134724385148908,0.3488383030130197,0.4420867485606191,0.3177339682804025,0.5327816680960674,0.3122919125158846,551,0.6263154854351858,0.0671102340814144,15,2,28,stage1_first_benchmark,greedy_pearson,"{""threshold"": 0.95}","Recomputed with stage-2 protocol: full train, XGBoost 220 trees, threshold_opt_train, F1 averaged by pair_id.",0.9996138723464136,0.1148652632652382,105,33
34,syn_jaro_winkler | syn_cosine_bigrams | syn_cosine_trigrams | cls_euclidean | cls_chebyshev | syn_lcs_ratio | tda_h0_wasserstein | tda_h0_entropy_combined | tda_h0_bottleneck | tda_h1_max_life_combined | tda_h1_entropy_combined | syn_jaccard_tokens | tda_h0_entropy_tgt | tda_h0_max_life_tgt | tda_h0_max_life_combined | syn_common_prefix_ratio | syn_damerau_osa | syn_common_suffix_ratio | tda_h1_wasserstein | tda_h1_max_life_tgt | syn_lcs_len | tda_h1_entropy_tgt | syn_len_b | tda_h0_max_life_src | tda_h0_entropy_src | tda_h2_max_life_combined | tda_h1_max_life_src | tda_h1_entropy_src | tda_h2_entropy_combined | tda_h2_max_life_tgt | syn_contains_b_in_a | tda_h2_max_life_src | tda_h2_entropy_tgt | tda_h2_entropy_src,0.7949313253632354,0.3576770022363387,0.4479523653199898,0.3263123979743932,0.5326813638812061,0.3186170171610197,551,0.632829106070021,0.0750812516038375,11,2,21,stage1_first_benchmark,greedy_kendall,"{""threshold"": 0.7}","Recomputed with stage-2 protocol: full train, XGBoost 220 trees, threshold_opt_train, F1 averaged by pair_id.",0.8807376583752481,0.0935032358020017,41,8
32,syn_jaro_winkler | syn_cosine_bigrams | syn_cosine_trigrams | cls_euclidean | cls_canberra | syn_jaccard_bigrams | cls_chebyshev | syn_lcs_ratio | tda_h0_wasserstein | tda_h0_entropy_combined | tda_h0_bottleneck | tda_h1_max_life_combined | tda_h1_entropy_combined | syn_jaccard_tokens | tda_h0_entropy_tgt | tda_h0_max_life_tgt | tda_h0_max_life_combined | syn_common_prefix_ratio | syn_damerau_osa | tda_h1_wasserstein | tda_h1_max_life_tgt | syn_lcs_len | tda_h0_count_combined | tda_h1_entropy_tgt | syn_len_b | tda_h0_max_life_src | tda_h0_entropy_src | tda_h1_count_combined | syn_len_a | tda_h1_max_life_src | tda_h1_entropy_src | tda_h0_count_src,0.8098737445854376,0.3457472816296589,0.4404616055806032,0.3157617703925706,0.5294279959886298,0.3103412099853724,551,0.6221443991542226,0.0633842489037249,11,3,18,stage1_first_benchmark,greedy_nmi,"{""n_bins"": 10, ""threshold"": 0.5}","Recomputed with stage-2 protocol: full train, XGBoost 220 trees, threshold_opt_train, F1 averaged by pair_id.",0.9075762776983726,0.1738041414960841,77,21
44,syn_jaro_winkler | syn_jaro | syn_cosine_bigrams | syn_cosine_trigrams | cls_canberra | cls_spearman | syn_jaccard_bigrams | cls_chebyshev | syn_lcs_ratio | tda_h0_wasserstein | tda_h0_bottleneck | tda_h1_max_life_combined | tda_h1_entropy_combined | syn_dice_tokens | tda_h0_entropy_tgt | tda_h0_max_life_tgt | tda_h0_max_life_combined | syn_common_prefix_ratio | syn_common_suffix_ratio | tda_h1_max_life_tgt | syn_lcs_len | tda_h1_bottleneck | tda_h1_entropy_tgt | syn_len_b | tda_h0_max_life_src | tda_h0_entropy_src | tda_h2_max_life_combined | tda_h1_count_combined | syn_len_a | tda_h1_max_life_src | tda_h1_entropy_src | tda_h0_count_tgt | tda_h0_count_src | tda_h2_entropy_combined | tda_h1_count_src | tda_h2_max_life_tgt | tda_h2_count_combined | syn_contains_b_in_a | tda_h2_max_life_src | tda_h1_count_tgt | tda_h2_entropy_tgt | tda_h2_count_src | tda_h2_entropy_src | tda_h2_count_tgt,0.8190975839186523,0.3481736566410349,0.4393774810315968,0.321847743526222,0.5288794653204071,0.3148762870544671,551,0.6220599497443909,0.0706965513933992,13,3,28,stage1_first_benchmark,iterative_vif_like,"{""threshold"": 20.0}","Recomputed with stage-2 protocol: full train, XGBoost 220 trees, threshold_opt_train, F1 averaged by pair_id.",0.9996138723464136,0.0985143123330227,85,35
41,syn_jaro_winkler | syn_cosine_bigrams | syn_cosine_trigrams | cls_euclidean | cls_canberra | syn_jaccard_bigrams | cls_chebyshev | syn_lcs_ratio | tda_h0_wasserstein | tda_h0_entropy_combined | tda_h0_bottleneck | tda_h1_max_life_combined | tda_h1_entropy_combined | syn_jaccard_tokens | tda_h0_entropy_tgt | tda_h0_max_life_tgt | tda_h0_max_life_combined | syn_common_prefix_ratio | syn_damerau_osa | syn_common_suffix_ratio | tda_h1_wasserstein | tda_h1_max_life_tgt | syn_lcs_len | tda_h0_count_combined | tda_h1_entropy_tgt | syn_len_b | tda_h0_max_life_src | tda_h0_entropy_src | tda_h2_max_life_combined | tda_h1_count_combined | syn_len_a | tda_h1_max_life_src | tda_h1_entropy_src | tda_h0_count_tgt | tda_h0_count_src | tda_h2_entropy_combined | tda_h2_max_life_tgt | syn_contains_b_in_a | tda_h2_max_life_src | tda_h2_entropy_tgt | tda_h2_entropy_src,0.8107754734976067,0.3481397039043352,0.4406230097161182,0.3217739076663544,0.5280621182400256,0.3143344814140241,551,0.6208974301486214,0.0670832903654663,13,3,25,stage1_first_benchmark,greedy_kendall,"{""threshold"": 0.85}","Recomputed with stage-2 protocol: full train, XGBoost 220 trees, threshold_opt_train, F1 averaged by pair_id.",0.9111479788651206,0.1116699281144858,88,25
20,syn_jaro_winkler | tda_h0_entropy_combined | tda_h1_max_life_combined | cls_chebyshev | tda_h0_bottleneck | syn_cosine_trigrams | tda_h0_max_life_tgt | cls_canberra | tda_h1_entropy_combined | syn_cosine_bigrams | tda_h0_wasserstein | tda_h0_max_life_src | syn_jaro | tda_h0_entropy_tgt | cls_spearman | syn_lcs_ratio | tda_h1_max_life_tgt | cls_minkowski | tda_h0_max_life_combined | syn_jaccard_bigrams,0.789026779098894,0.3518499687401728,0.4429520323914525,0.3194271581029188,0.526802023368985,0.3139512822606204,551,0.6257815036957651,0.0526703677864091,6,4,10,stage1_first_benchmark,combo_mi_prefilter_mrmr,"{""k"": 20, ""penalty"": 1.0, ""prefilter"": 40}","Recomputed with stage-2 protocol: full train, XGBoost 220 trees, threshold_opt_train, F1 averaged by pair_id.",0.9630383264503032,0.1548191609557224,21,7
35,syn_jaro_winkler | syn_cosine_bigrams | syn_cosine_trigrams | cls_euclidean | cls_chebyshev | syn_lcs_ratio | tda_h0_wasserstein | tda_h0_entropy_combined | tda_h0_bottleneck | tda_h1_max_life_combined | tda_h1_entropy_combined | syn_jaccard_tokens | tda_h0_entropy_tgt | tda_h0_max_life_tgt | tda_h0_max_life_combined | syn_common_prefix_ratio | syn_damerau_osa | syn_common_suffix_ratio | tda_h1_wasserstein | tda_h1_max_life_tgt | syn_lcs_len | tda_h1_entropy_tgt | syn_len_b | tda_h0_max_life_src | tda_h0_entropy_src | tda_h2_max_life_combined | syn_len_a | tda_h1_max_life_src | tda_h1_entropy_src | tda_h2_entropy_combined | tda_h2_max_life_tgt | syn_contains_b_in_a | tda_h2_max_life_src | tda_h2_entropy_tgt | tda_h2_entropy_src,0.8097588966452174,0.3456985732784691,0.4396906364276591,0.3244965576424107,0.5254383405382417,0.3144953303131368,551,0.6190062918612846,0.0766913695073725,12,2,21,stage1_first_benchmark,family_aware_spearman,"{""family_threshold"": 0.85, ""global_threshold"": 0.95}",Copied from identical ordered feature set already recomputed with stage-2 protocol.,0.8832725943650863,0.0972107939632283,47,10
35,syn_jaro_winkler | syn_cosine_bigrams | syn_cosine_trigrams | cls_euclidean | cls_chebyshev | syn_lcs_ratio | tda_h0_wasserstein | tda_h0_entropy_combined | tda_h0_bottleneck | tda_h1_max_life_combined | tda_h1_entropy_combined | syn_jaccard_tokens | tda_h0_entropy_tgt | tda_h0_max_life_tgt | tda_h0_max_life_combined | syn_common_prefix_ratio | syn_damerau_osa | syn_common_suffix_ratio | tda_h1_wasserstein | tda_h1_max_life_tgt | syn_lcs_len | tda_h1_entropy_tgt | syn_len_b | tda_h0_max_life_src | tda_h0_entropy_src | tda_h2_max_life_combined | syn_len_a | tda_h1_max_life_src | tda_h1_entropy_src | tda_h2_entropy_combined | tda_h2_max_life_tgt | syn_contains_b_in_a | tda_h2_max_life_src | tda_h2_entropy_tgt | tda_h2_entropy_src,0.8097588966452174,0.3456985732784691,0.4396906364276591,0.3244965576424107,0.5254383405382417,0.3144953303131368,551,0.6190062918612846,0.0766913695073725,12,2,21,stage1_first_benchmark,family_aware_spearman,"{""family_threshold"": 0.85, ""global_threshold"": 0.9}","Recomputed with stage-2 protocol: full train, XGBoost 220 trees, threshold_opt_train, F1 averaged by pair_id.",0.8832725943650863,0.0972107939632283,47,10
31,syn_jaro_winkler | syn_cosine_bigrams | cls_euclidean | cls_chebyshev | syn_lcs_ratio | tda_h0_wasserstein | tda_h0_entropy_combined | tda_h0_bottleneck | tda_h1_max_life_combined | tda_h1_entropy_combined | syn_jaccard_tokens | tda_h0_entropy_tgt | tda_h0_max_life_tgt | tda_h0_max_life_combined | syn_common_prefix_ratio | syn_damerau_osa | syn_common_suffix_ratio | tda_h1_wasserstein | tda_h1_max_life_tgt | syn_lcs_len | tda_h1_entropy_tgt | tda_h0_max_life_src | tda_h0_entropy_src | tda_h2_max_life_combined | tda_h1_max_life_src | tda_h1_entropy_src | tda_h2_entropy_combined | tda_h2_max_life_tgt | syn_contains_b_in_a | tda_h2_entropy_tgt | tda_h2_entropy_src,0.7925249689026617,0.3557513136775054,0.4393947144147809,0.3202622870664968,0.5250277081442405,0.3156528119614676,551,0.631039186469128,0.0616066346535989,9,2,20,stage1_first_benchmark,greedy_kendall,"{""threshold"": 0.6}","Recomputed with stage-2 protocol: full train, XGBoost 220 trees, threshold_opt_train, F1 averaged by pair_id.",0.7738300745574733,0.0921969419192478,32,5
33,syn_jaro_winkler | syn_cosine_bigrams | syn_cosine_trigrams | cls_euclidean | cls_chebyshev | syn_lcs_ratio | tda_h0_wasserstein | tda_h0_entropy_combined | tda_h0_bottleneck | tda_h1_max_life_combined | tda_h1_entropy_combined | syn_jaccard_tokens | tda_h0_entropy_tgt | tda_h0_max_life_tgt | tda_h0_max_life_combined | syn_common_prefix_ratio | syn_damerau_osa | syn_common_suffix_ratio | tda_h1_wasserstein | tda_h1_max_life_tgt | syn_lcs_len | tda_h1_entropy_tgt | tda_h0_max_life_src | tda_h0_entropy_src | tda_h2_max_life_combined | tda_h1_max_life_src | tda_h1_entropy_src | tda_h2_entropy_combined | tda_h2_max_life_tgt | syn_contains_b_in_a | tda_h2_max_life_src | tda_h2_entropy_tgt | tda_h2_entropy_src,0.7911310750665586,0.3541364211681768,0.4389694796100303,0.3210829275460164,0.5246727396891887,0.3162958275595688,551,0.6309277957574992,0.0637994691486194,10,2,21,stage1_first_benchmark,family_aware_spearman,"{""family_threshold"": 0.85, ""global_threshold"": 0.85}",Copied from identical ordered feature set already recomputed with stage-2 protocol.,0.7738300745574733,0.0929657635491101,34,7
33,syn_jaro_winkler | syn_cosine_bigrams | syn_cosine_trigrams | cls_euclidean | cls_chebyshev | syn_lcs_ratio | tda_h0_wasserstein | tda_h0_entropy_combined | tda_h0_bottleneck | tda_h1_max_life_combined | tda_h1_entropy_combined | syn_jaccard_tokens | tda_h0_entropy_tgt | tda_h0_max_life_tgt | tda_h0_max_life_combined | syn_common_prefix_ratio | syn_damerau_osa | syn_common_suffix_ratio | tda_h1_wasserstein | tda_h1_max_life_tgt | syn_lcs_len | tda_h1_entropy_tgt | tda_h0_max_life_src | tda_h0_entropy_src | tda_h2_max_life_combined | tda_h1_max_life_src | tda_h1_entropy_src | tda_h2_entropy_combined | tda_h2_max_life_tgt | syn_contains_b_in_a | tda_h2_max_life_src | tda_h2_entropy_tgt | tda_h2_entropy_src,0.7911310750665586,0.3541364211681768,0.4389694796100303,0.3210829275460164,0.5246727396891887,0.3162958275595688,551,0.6309277957574992,0.0637994691486194,10,2,21,stage1_first_benchmark,family_aware_spearman,"{""family_threshold"": 0.9, ""global_threshold"": 0.85}",Copied from identical ordered feature set already recomputed with stage-2 protocol.,0.7738300745574733,0.0929657635491101,34,7
33,syn_jaro_winkler | syn_cosine_bigrams | syn_cosine_trigrams | cls_euclidean | cls_chebyshev | syn_lcs_ratio | tda_h0_wasserstein | tda_h0_entropy_combined | tda_h0_bottleneck | tda_h1_max_life_combined | tda_h1_entropy_combined | syn_jaccard_tokens | tda_h0_entropy_tgt | tda_h0_max_life_tgt | tda_h0_max_life_combined | syn_common_prefix_ratio | syn_damerau_osa | syn_common_suffix_ratio | tda_h1_wasserstein | tda_h1_max_life_tgt | syn_lcs_len | tda_h1_entropy_tgt | tda_h0_max_life_src | tda_h0_entropy_src | tda_h2_max_life_combined | tda_h1_max_life_src | tda_h1_entropy_src | tda_h2_entropy_combined | tda_h2_max_life_tgt | syn_contains_b_in_a | tda_h2_max_life_src | tda_h2_entropy_tgt | tda_h2_entropy_src,0.7911310750665586,0.3541364211681768,0.4389694796100303,0.3210829275460164,0.5246727396891887,0.3162958275595688,551,0.6309277957574992,0.0637994691486194,10,2,21,stage1_first_benchmark,greedy_spearman,"{""threshold"": 0.85}","Recomputed with stage-2 protocol: full train, XGBoost 220 trees, threshold_opt_train, F1 averaged by pair_id.",0.7738300745574733,0.0929657635491101,34,7
33,syn_jaro_winkler | syn_cosine_bigrams | syn_cosine_trigrams | cls_euclidean | cls_chebyshev | syn_lcs_ratio | tda_h0_wasserstein | tda_h0_entropy_combined | tda_h0_bottleneck | tda_h1_max_life_combined | tda_h1_entropy_combined | syn_jaccard_tokens | tda_h0_entropy_tgt | tda_h0_max_life_tgt | tda_h0_max_life_combined | syn_common_prefix_ratio | syn_damerau_osa | syn_common_suffix_ratio | tda_h1_wasserstein | tda_h1_max_life_tgt | syn_lcs_len | tda_h1_entropy_tgt | tda_h0_max_life_src | tda_h0_entropy_src | tda_h2_max_life_combined | tda_h1_max_life_src | tda_h1_entropy_src | tda_h2_entropy_combined | tda_h2_max_life_tgt | syn_contains_b_in_a | tda_h2_max_life_src | tda_h2_entropy_tgt | tda_h2_entropy_src,0.7911310750665586,0.3541364211681768,0.4389694796100303,0.3210829275460164,0.5246727396891887,0.3162958275595688,551,0.6309277957574992,0.0637994691486194,10,2,21,stage1_first_benchmark,cluster_spearman,"{""threshold"": 0.85}",Copied from identical ordered feature set already recomputed with stage-2 protocol.,0.7738300745574733,0.0929657635491101,34,7
44,syn_jaro_winkler | syn_cosine_bigrams | syn_cosine_trigrams | cls_euclidean | cls_canberra | syn_jaccard_bigrams | cls_chebyshev | syn_lcs_ratio | syn_damerau_osa_sim | tda_h0_wasserstein | tda_h0_entropy_combined | tda_h0_bottleneck | tda_h1_max_life_combined | tda_h1_entropy_combined | syn_jaccard_tokens | tda_h0_entropy_tgt | tda_h0_max_life_tgt | tda_h0_max_life_combined | syn_common_prefix_ratio | syn_damerau_osa | syn_common_suffix_ratio | tda_h1_wasserstein | tda_h1_max_life_tgt | syn_lcs_len | tda_h0_count_combined | tda_h1_entropy_tgt | syn_len_b | tda_h0_max_life_src | tda_h0_entropy_src | tda_h2_max_life_combined | tda_h1_count_combined | syn_len_a | tda_h1_max_life_src | tda_h1_entropy_src | tda_h0_count_tgt | tda_h0_count_src | tda_h2_entropy_combined | tda_h1_count_src | tda_h2_max_life_tgt | syn_contains_b_in_a | tda_h2_max_life_src | tda_h1_count_tgt | tda_h2_entropy_tgt | tda_h2_entropy_src,0.8185719696774253,0.3498460630519243,0.4300338730584717,0.3149825357896979,0.5237294863784748,0.3112232328616665,551,0.6126103947553309,0.05491680730536,14,3,27,stage1_first_benchmark,greedy_kendall,"{""threshold"": 0.9}","Recomputed with stage-2 protocol: full train, XGBoost 220 trees, threshold_opt_train, F1 averaged by pair_id.",0.9699221576507656,0.1175422237092765,111,36
17,syn_jaro_winkler | syn_cosine_bigrams | cls_euclidean | cls_chebyshev | tda_h0_wasserstein | tda_h0_entropy_combined | tda_h0_bottleneck | tda_h1_max_life_combined | tda_h1_entropy_combined | syn_jaccard_tokens | tda_h0_max_life_tgt | tda_h1_max_life_tgt | syn_lcs_len | syn_len_b | tda_h0_max_life_src | syn_len_a | tda_h1_entropy_src,0.7914449088051239,0.3540497738779494,0.4386166162220111,0.3203734671097147,0.5236259210381795,0.3126227341138658,551,0.6198890543718464,0.0527632338726866,6,2,9,stage1_first_benchmark,greedy_nmi,"{""n_bins"": 10, ""threshold"": 0.2}","Recomputed with stage-2 protocol: full train, XGBoost 220 trees, threshold_opt_train, F1 averaged by pair_id.",0.7738300745574733,0.1524269286341961,12,2
20,syn_jaro_winkler | syn_cosine_bigrams | syn_cosine_trigrams | cls_minkowski | cls_chebyshev | syn_lcs_ratio | tda_h0_wasserstein | tda_h0_entropy_combined | tda_h0_bottleneck | tda_h1_max_life_combined | tda_h1_entropy_combined | syn_jaccard_tokens | tda_h0_entropy_tgt | tda_h0_max_life_tgt | tda_h0_max_life_combined | syn_common_prefix_ratio | syn_damerau_osa | syn_common_suffix_ratio | tda_h1_wasserstein | tda_h1_max_life_tgt,0.7779219096440579,0.3580315370148092,0.4421846212610854,0.3232341872822242,0.523602424091051,0.3158666030411158,551,0.6325236532270518,0.0628890678440818,8,2,10,stage1_first_benchmark,combo_mrmr_then_graph,"{""graph_threshold"": 0.85, ""k"": 20, ""mrmr_prefilter"": 40}",Copied from identical ordered feature set already recomputed with stage-2 protocol.,0.7299035202608024,0.1548191609557224,13,2
20,syn_jaro_winkler | syn_cosine_bigrams | syn_cosine_trigrams | cls_minkowski | cls_chebyshev | syn_lcs_ratio | tda_h0_wasserstein | tda_h0_entropy_combined | tda_h0_bottleneck | tda_h1_max_life_combined | tda_h1_entropy_combined | syn_jaccard_tokens | tda_h0_entropy_tgt | tda_h0_max_life_tgt | tda_h0_max_life_combined | syn_common_prefix_ratio | syn_damerau_osa | syn_common_suffix_ratio | tda_h1_wasserstein | tda_h1_max_life_tgt,0.7779219096440579,0.3580315370148092,0.4421846212610854,0.3232341872822242,0.523602424091051,0.3158666030411158,551,0.6325236532270518,0.0628890678440818,8,2,10,stage1_first_benchmark,combo_mi_prefilter_graph,"{""graph_threshold"": 0.85, ""k"": 20, ""prefilter"": 40}","Recomputed with stage-2 protocol: full train, XGBoost 220 trees, threshold_opt_train, F1 averaged by pair_id.",0.7299035202608024,0.1548191609557224,13,2
20,syn_jaro_winkler | tda_h0_entropy_combined | tda_h1_max_life_combined | cls_chebyshev | tda_h0_bottleneck | syn_cosine_trigrams | tda_h0_max_life_tgt | cls_canberra | tda_h1_entropy_combined | syn_cosine_bigrams | tda_h0_wasserstein | syn_contains_b_in_a | syn_jaro | tda_h2_entropy_tgt | tda_h0_max_life_combined | cls_spearman | tda_h0_entropy_tgt | cls_minkowski | tda_h2_entropy_src | syn_lcs_ratio,0.7843315106714497,0.347944413856414,0.44126196012168,0.3175149766727114,0.5232428348187841,0.3095916918770321,551,0.6204946991733876,0.048980539604401,6,4,10,stage1_first_benchmark,mrmr_spearman,"{""k"": 20, ""penalty"": 1.0}","Recomputed with stage-2 protocol: full train, XGBoost 220 trees, threshold_opt_train, F1 averaged by pair_id.",0.9630383264503032,0.0876690233657727,14,5
19,syn_jaro_winkler | syn_cosine_bigrams | cls_euclidean | cls_chebyshev | syn_lcs_ratio | tda_h0_wasserstein | tda_h0_entropy_combined | tda_h0_bottleneck | tda_h1_max_life_combined | tda_h1_entropy_combined | syn_jaccard_tokens | tda_h0_entropy_tgt | tda_h0_max_life_tgt | tda_h0_max_life_combined | syn_damerau_osa | tda_h1_max_life_tgt | syn_lcs_len | tda_h0_entropy_src | tda_h1_max_life_src,0.7621191528195276,0.3573782936033884,0.4444657670985174,0.3192137100122983,0.5230253047027871,0.3123400763523902,551,0.6314756598141543,0.055746701061399,6,2,11,stage1_first_benchmark,greedy_nmi,"{""n_bins"": 10, ""threshold"": 0.25}","Recomputed with stage-2 protocol: full train, XGBoost 220 trees, threshold_opt_train, F1 averaged by pair_id.",0.7738300745574733,0.1955730066765354,17,4
26,syn_jaro_winkler | syn_cosine_bigrams | cls_euclidean | cls_chebyshev | tda_h0_wasserstein | tda_h0_entropy_combined | tda_h0_bottleneck | tda_h1_max_life_combined | tda_h1_entropy_combined | syn_jaccard_tokens | tda_h0_entropy_tgt | tda_h0_max_life_tgt | tda_h0_max_life_combined | syn_common_prefix_ratio | syn_damerau_osa | syn_common_suffix_ratio | tda_h1_wasserstein | tda_h1_max_life_tgt | tda_h0_max_life_src | tda_h0_entropy_src | tda_h2_max_life_combined | tda_h2_entropy_combined | tda_h2_max_life_tgt | syn_contains_b_in_a | tda_h2_entropy_tgt | tda_h2_entropy_src,0.7839677164738054,0.3644765414555077,0.4382180423087945,0.3252444922933717,0.5226036834696296,0.3226804859988562,551,0.6261181464080562,0.0570108932055015,7,2,17,stage1_first_benchmark,cluster_spearman,"{""threshold"": 0.7}","Recomputed with stage-2 protocol: full train, XGBoost 220 trees, threshold_opt_train, F1 averaged by pair_id.",0.7314549961611506,0.0744842830020804,16,2
43,syn_jaro_winkler | syn_cosine_bigrams | syn_cosine_trigrams | cls_pearson | cls_canberra | syn_jaccard_bigrams | cls_chebyshev | syn_lcs_ratio | tda_h0_wasserstein | tda_h0_entropy_combined | tda_h0_bottleneck | tda_h1_max_life_combined | tda_h1_entropy_combined | syn_jaccard_tokens | tda_h0_entropy_tgt | tda_h0_max_life_tgt | tda_h0_max_life_combined | syn_common_prefix_ratio | syn_damerau_osa | syn_common_suffix_ratio | tda_h1_wasserstein | tda_h1_max_life_tgt | syn_lcs_len | tda_h0_count_combined | tda_h1_entropy_tgt | syn_len_b | tda_h0_max_life_src | tda_h0_entropy_src | tda_h2_max_life_combined | tda_h1_count_combined | syn_len_a | tda_h1_max_life_src | tda_h1_entropy_src | tda_h0_count_tgt | tda_h0_count_src | tda_h2_entropy_combined | tda_h1_count_src | tda_h2_max_life_tgt | syn_contains_b_in_a | tda_h2_max_life_src | tda_h1_count_tgt | tda_h2_entropy_tgt | tda_h2_entropy_src,0.8101605360334275,0.3542382743922923,0.4335215811654737,0.3227524120867293,0.5223182794799612,0.317715620365211,551,0.6150031736528424,0.0754457814008165,13,3,27,stage1_first_benchmark,graph_independent_spearman,"{""threshold"": 0.95}","Recomputed with stage-2 protocol: full train, XGBoost 220 trees, threshold_opt_train, F1 averaged by pair_id.",0.9427181006992532,0.1147784819034072,107,35
15,syn_jaro_winkler | syn_cosine_bigrams | syn_cosine_trigrams | cls_minkowski | cls_chebyshev | syn_lcs_ratio | tda_h0_wasserstein | tda_h0_entropy_combined | tda_h0_bottleneck | tda_h1_max_life_combined | tda_h1_entropy_combined | syn_jaccard_tokens | tda_h0_entropy_tgt | tda_h0_max_life_tgt | tda_h0_max_life_combined,0.7646560306305217,0.3498042897292841,0.4400622271322011,0.3147438373747098,0.5218406417066161,0.3086633709286336,551,0.6251925003900886,0.0509699557356795,5,2,8,stage1_first_benchmark,combo_mi_prefilter_graph,"{""graph_threshold"": 0.85, ""k"": 15, ""prefilter"": 30}","Recomputed with stage-2 protocol: full train, XGBoost 220 trees, threshold_opt_train, F1 averaged by pair_id.",0.7173051982999504,0.1924722419299075,7,1
15,syn_jaro_winkler | syn_cosine_bigrams | syn_cosine_trigrams | cls_minkowski | cls_chebyshev | syn_lcs_ratio | tda_h0_wasserstein | tda_h0_entropy_combined | tda_h0_bottleneck | tda_h1_max_life_combined | tda_h1_entropy_combined | syn_jaccard_tokens | tda_h0_entropy_tgt | tda_h0_max_life_tgt | tda_h0_max_life_combined,0.7646560306305217,0.3498042897292841,0.4400622271322011,0.3147438373747098,0.5218406417066161,0.3086633709286336,551,0.6251925003900886,0.0509699557356795,5,2,8,stage1_first_benchmark,combo_mrmr_then_graph,"{""graph_threshold"": 0.85, ""k"": 15, ""mrmr_prefilter"": 30}",Copied from identical ordered feature set already recomputed with stage-2 protocol.,0.7173051982999504,0.1924722419299075,7,1
37,syn_jaro_winkler | syn_cosine_bigrams | syn_cosine_trigrams | cls_minkowski | cls_chebyshev | syn_lcs_ratio | tda_h0_wasserstein | tda_h0_entropy_combined | tda_h0_bottleneck | tda_h1_max_life_combined | tda_h1_entropy_combined | syn_jaccard_tokens | tda_h0_entropy_tgt | tda_h0_max_life_tgt | tda_h0_max_life_combined | syn_common_prefix_ratio | syn_damerau_osa | syn_common_suffix_ratio | tda_h1_wasserstein | tda_h1_max_life_tgt | syn_lcs_len | tda_h1_entropy_tgt | syn_len_b | tda_h0_max_life_src | tda_h0_entropy_src | tda_h2_max_life_combined | tda_h1_count_combined | syn_len_a | tda_h1_max_life_src | tda_h1_entropy_src | tda_h0_count_src | tda_h2_entropy_combined | tda_h2_max_life_tgt | syn_contains_b_in_a | tda_h2_max_life_src | tda_h2_entropy_tgt | tda_h2_entropy_src,0.812497689263245,0.3525638946743937,0.4305965641584673,0.3204378006623923,0.5215540565375247,0.315950793174184,551,0.6171554433969361,0.0722039126712298,12,2,23,stage1_first_benchmark,graph_independent_spearman,"{""threshold"": 0.9}","Recomputed with stage-2 protocol: full train, XGBoost 220 trees, threshold_opt_train, F1 averaged by pair_id.",0.8987048836079023,0.1085985398676714,60,15
36,syn_jaro_winkler | syn_cosine_bigrams | syn_cosine_trigrams | cls_canberra | cls_chebyshev | syn_lcs_ratio | tda_h0_wasserstein | tda_h0_bottleneck | tda_h1_max_life_combined | tda_h1_entropy_combined | syn_dice_tokens | tda_h0_entropy_tgt | tda_h0_max_life_tgt | tda_h0_max_life_combined | syn_common_prefix_ratio | syn_common_suffix_ratio | tda_h1_max_life_tgt | syn_lcs_len | tda_h1_bottleneck | tda_h1_entropy_tgt | syn_len_b | tda_h0_max_life_src | tda_h0_entropy_src | tda_h2_max_life_combined | tda_h1_count_combined | syn_len_a | tda_h1_max_life_src | tda_h1_entropy_src | tda_h2_entropy_combined | tda_h2_max_life_tgt | syn_contains_b_in_a | tda_h2_max_life_src | tda_h2_entropy_tgt | tda_h2_count_src | tda_h2_entropy_src | tda_h2_count_tgt,0.8035906483116584,0.3525116746609697,0.4321074918121643,0.3193567588664089,0.5205799911051525,0.3116701830807089,551,0.6121700142593928,0.0514564536434711,11,2,23,stage1_first_benchmark,iterative_vif_like,"{""threshold"": 10.0}","Recomputed with stage-2 protocol: full train, XGBoost 220 trees, threshold_opt_train, F1 averaged by pair_id.",0.9996138723464136,0.0886308029783162,41,11
8,syn_jaro_winkler | syn_cosine_bigrams | syn_cosine_trigrams | cls_minkowski | cls_chebyshev | syn_lcs_ratio | tda_h0_wasserstein | tda_h0_entropy_combined,0.7544135029252751,0.3516411080865353,0.4481261922132776,0.3261662059539492,0.5202402383221418,0.3157511006251127,551,0.6250983418900152,0.0495127456198242,4,2,2,stage1_first_benchmark,combo_mrmr_then_graph,"{""graph_threshold"": 0.85, ""k"": 8, ""mrmr_prefilter"": 16}","Recomputed with stage-2 protocol: full train, XGBoost 220 trees, threshold_opt_train, F1 averaged by pair_id.",0.7173051982999504,0.2747434646320731,4,1
47,syn_jaro_winkler | syn_jaro | syn_cosine_bigrams | syn_cosine_trigrams | cls_minkowski | cls_canberra | cls_spearman | syn_jaccard_bigrams | cls_chebyshev | syn_lcs_ratio | syn_jaccard_trigrams | syn_levenshtein_sim | tda_h0_wasserstein | tda_h0_bottleneck | tda_h1_max_life_combined | tda_h1_entropy_combined | syn_dice_tokens | tda_h0_entropy_tgt | tda_h0_max_life_tgt | tda_h0_max_life_combined | syn_common_prefix_ratio | syn_common_suffix_ratio | tda_h1_max_life_tgt | syn_lcs_len | tda_h1_bottleneck | tda_h1_entropy_tgt | syn_len_b | tda_h0_max_life_src | tda_h0_entropy_src | tda_h2_max_life_combined | tda_h1_count_combined | syn_len_a | tda_h1_max_life_src | tda_h1_entropy_src | tda_h0_count_tgt | tda_h0_count_src | tda_h2_entropy_combined | tda_h1_count_src | tda_h2_max_life_tgt | tda_h2_count_combined | syn_contains_b_in_a | tda_h2_max_life_src | tda_h1_count_tgt | tda_h2_entropy_tgt | tda_h2_count_src | tda_h2_entropy_src | tda_h2_count_tgt,0.8133675324822096,0.3495269809973232,0.4304501088884011,0.320783676561617,0.5200757297692757,0.3152624137815672,551,0.6197624632732933,0.0732754474922573,15,4,28,stage1_first_benchmark,iterative_vif_like,"{""threshold"": 50.0}","Recomputed with stage-2 protocol: full train, XGBoost 220 trees, threshold_opt_train, F1 averaged by pair_id.",0.9996138723464136,0.0991584333954851,97,40
12,syn_jaro_winkler | tda_h0_entropy_combined | cls_chebyshev | tda_h0_bottleneck | tda_h1_max_life_combined | syn_cosine_bigrams | cls_canberra | syn_cosine_trigrams | tda_h1_entropy_combined | syn_jaro | tda_h0_wasserstein | cls_spearman,0.7658474369497955,0.3538824828784689,0.4432727589087266,0.3216852034159668,0.5196272708071594,0.3117611260427276,551,0.6220212471980598,0.0387906427912169,4,3,5,stage1_first_benchmark,mrmr_spearman,"{""k"": 12, ""penalty"": 0.5}","Recomputed with stage-2 protocol: full train, XGBoost 220 trees, threshold_opt_train, F1 averaged by pair_id.",0.9491651547674064,0.2018732700190263,7,3
15,syn_jaro_winkler | tda_h0_entropy_combined | cls_chebyshev | tda_h0_bottleneck | tda_h1_max_life_combined | syn_cosine_bigrams | cls_canberra | syn_cosine_trigrams | tda_h1_entropy_combined | syn_jaro | tda_h0_wasserstein | cls_spearman | tda_h0_max_life_tgt | cls_minkowski | syn_lcs_ratio,0.7536765852324062,0.3547396173065765,0.4428538255723713,0.3192140007697778,0.5184545890651123,0.3102462415005497,551,0.6242079941314774,0.0351954854719234,5,4,6,stage1_first_benchmark,mrmr_spearman,"{""k"": 15, ""penalty"": 0.5}","Recomputed with stage-2 protocol: full train, XGBoost 220 trees, threshold_opt_train, F1 averaged by pair_id.",0.9630383264503032,0.2058781761183342,12,5
9,syn_jaro_winkler | syn_cosine_bigrams | syn_cosine_trigrams | cls_minkowski | cls_chebyshev | syn_lcs_ratio | tda_h0_wasserstein | tda_h0_entropy_combined | tda_h0_bottleneck,0.7580514953692331,0.3503264922476337,0.448988967171506,0.331135006106033,0.5175995621643843,0.3175965305889094,551,0.6204892164920973,0.0525261716303773,4,2,3,stage1_first_benchmark,combo_mi_prefilter_graph,"{""graph_threshold"": 0.85, ""k"": 10, ""prefilter"": 20}","Recomputed with stage-2 protocol: full train, XGBoost 220 trees, threshold_opt_train, F1 averaged by pair_id.",0.7173051982999504,0.238758938424516,5,1
34,syn_jaro_winkler | syn_cosine_bigrams | cls_euclidean | cls_chebyshev | syn_lcs_ratio | tda_h0_wasserstein | tda_h0_entropy_combined | tda_h0_bottleneck | tda_h1_max_life_combined | tda_h1_entropy_combined | syn_jaccard_tokens | tda_h0_entropy_tgt | tda_h0_max_life_tgt | tda_h0_max_life_combined | syn_common_prefix_ratio | syn_damerau_osa | syn_common_suffix_ratio | tda_h1_wasserstein | tda_h1_max_life_tgt | syn_lcs_len | tda_h1_entropy_tgt | syn_len_b | tda_h0_max_life_src | tda_h0_entropy_src | tda_h2_max_life_combined | syn_len_a | tda_h1_max_life_src | tda_h1_entropy_src | tda_h2_entropy_combined | tda_h2_max_life_tgt | syn_contains_b_in_a | tda_h2_max_life_src | tda_h2_entropy_tgt | tda_h2_entropy_src,0.8027981296319768,0.3613890011943236,0.4274754778019048,0.3203951330908002,0.5173253044206731,0.3190296349430891,551,0.6132212613243588,0.0591456557287191,11,2,21,stage1_first_benchmark,family_aware_spearman,"{""family_threshold"": 0.8, ""global_threshold"": 0.9}","Recomputed with stage-2 protocol: full train, XGBoost 220 trees, threshold_opt_train, F1 averaged by pair_id.",0.8832725943650863,0.0966129266875116,46,9
34,syn_jaro_winkler | syn_cosine_bigrams | cls_euclidean | cls_chebyshev | syn_lcs_ratio | tda_h0_wasserstein | tda_h0_entropy_combined | tda_h0_bottleneck | tda_h1_max_life_combined | tda_h1_entropy_combined | syn_jaccard_tokens | tda_h0_entropy_tgt | tda_h0_max_life_tgt | tda_h0_max_life_combined | syn_common_prefix_ratio | syn_damerau_osa | syn_common_suffix_ratio | tda_h1_wasserstein | tda_h1_max_life_tgt | syn_lcs_len | tda_h1_entropy_tgt | syn_len_b | tda_h0_max_life_src | tda_h0_entropy_src | tda_h2_max_life_combined | syn_len_a | tda_h1_max_life_src | tda_h1_entropy_src | tda_h2_entropy_combined | tda_h2_max_life_tgt | syn_contains_b_in_a | tda_h2_max_life_src | tda_h2_entropy_tgt | tda_h2_entropy_src,0.8027981296319768,0.3613890011943236,0.4274754778019048,0.3203951330908002,0.5173253044206731,0.3190296349430891,551,0.6132212613243588,0.0591456557287191,11,2,21,stage1_first_benchmark,family_aware_spearman,"{""family_threshold"": 0.8, ""global_threshold"": 0.95}",Copied from identical ordered feature set already recomputed with stage-2 protocol.,0.8832725943650863,0.0966129266875116,46,9
10,syn_jaro_winkler | tda_h0_entropy_combined | cls_chebyshev | tda_h0_bottleneck | tda_h1_max_life_combined | syn_cosine_bigrams | cls_canberra | syn_cosine_trigrams | tda_h1_entropy_combined | syn_jaro,0.7683809996434671,0.3513362495426508,0.4406431043555381,0.3231123138657669,0.5167098990356739,0.3144310744737489,551,0.6198289624978311,0.0412248696083539,4,2,4,stage1_first_benchmark,mrmr_spearman,"{""k"": 10, ""penalty"": 0.5}","Recomputed with stage-2 protocol: full train, XGBoost 220 trees, threshold_opt_train, F1 averaged by pair_id.",0.9491651547674064,0.1978683639197185,4,2
12,syn_jaro_winkler | syn_cosine_bigrams | syn_cosine_trigrams | cls_minkowski | cls_chebyshev | syn_lcs_ratio | tda_h0_wasserstein | tda_h0_entropy_combined | tda_h0_bottleneck | tda_h1_max_life_combined | tda_h1_entropy_combined | tda_h0_entropy_tgt,0.7839571824858687,0.3571750409329781,0.4316793442804456,0.3192365848050867,0.5156640485648174,0.3158443391249192,551,0.6163787186719017,0.05319609430986,4,2,6,stage1_first_benchmark,combo_mrmr_then_graph,"{""graph_threshold"": 0.85, ""k"": 12, ""mrmr_prefilter"": 24}","Recomputed with stage-2 protocol: full train, XGBoost 220 trees, threshold_opt_train, F1 averaged by pair_id.",0.7173051982999504,0.192977030554875,6,1
43,syn_jaro_winkler | syn_cosine_bigrams | syn_cosine_trigrams | cls_euclidean | cls_canberra | syn_jaccard_bigrams | cls_chebyshev | syn_lcs_ratio | tda_h0_wasserstein | tda_h0_entropy_combined | tda_h0_bottleneck | tda_h1_max_life_combined | tda_h1_entropy_combined | syn_jaccard_tokens | tda_h0_entropy_tgt | tda_h0_max_life_tgt | tda_h0_max_life_combined | syn_common_prefix_ratio | syn_damerau_osa | syn_common_suffix_ratio | tda_h1_wasserstein | tda_h1_max_life_tgt | syn_lcs_len | tda_h0_count_combined | tda_h1_entropy_tgt | syn_len_b | tda_h0_max_life_src | tda_h0_entropy_src | tda_h2_max_life_combined | tda_h1_count_combined | syn_len_a | tda_h1_max_life_src | tda_h1_entropy_src | tda_h0_count_tgt | tda_h0_count_src | tda_h2_entropy_combined | tda_h1_count_src | tda_h2_max_life_tgt | syn_contains_b_in_a | tda_h2_max_life_src | tda_h1_count_tgt | tda_h2_entropy_tgt | tda_h2_entropy_src,0.8075454882891869,0.3568165094711464,0.4225042166653575,0.3158052101516336,0.5144124584011386,0.312286643673056,551,0.6060194849417162,0.0467240525131571,13,3,27,stage1_first_benchmark,cluster_spearman,"{""threshold"": 0.95}",Copied from identical ordered feature set already recomputed with stage-2 protocol.,0.9427181006992532,0.1147784819034072,107,35
43,syn_jaro_winkler | syn_cosine_bigrams | syn_cosine_trigrams | cls_euclidean | cls_canberra | syn_jaccard_bigrams | cls_chebyshev | syn_lcs_ratio | tda_h0_wasserstein | tda_h0_entropy_combined | tda_h0_bottleneck | tda_h1_max_life_combined | tda_h1_entropy_combined | syn_jaccard_tokens | tda_h0_entropy_tgt | tda_h0_max_life_tgt | tda_h0_max_life_combined | syn_common_prefix_ratio | syn_damerau_osa | syn_common_suffix_ratio | tda_h1_wasserstein | tda_h1_max_life_tgt | syn_lcs_len | tda_h0_count_combined | tda_h1_entropy_tgt | syn_len_b | tda_h0_max_life_src | tda_h0_entropy_src | tda_h2_max_life_combined | tda_h1_count_combined | syn_len_a | tda_h1_max_life_src | tda_h1_entropy_src | tda_h0_count_tgt | tda_h0_count_src | tda_h2_entropy_combined | tda_h1_count_src | tda_h2_max_life_tgt | syn_contains_b_in_a | tda_h2_max_life_src | tda_h1_count_tgt | tda_h2_entropy_tgt | tda_h2_entropy_src,0.8075454882891869,0.3568165094711464,0.4225042166653575,0.3158052101516336,0.5144124584011386,0.312286643673056,551,0.6060194849417162,0.0467240525131571,13,3,27,stage1_first_benchmark,greedy_spearman,"{""threshold"": 0.95}","Recomputed with stage-2 protocol: full train, XGBoost 220 trees, threshold_opt_train, F1 averaged by pair_id.",0.9427181006992532,0.1147784819034072,107,35
36,syn_jaro_winkler | syn_cosine_bigrams | syn_cosine_trigrams | cls_euclidean | cls_chebyshev | syn_lcs_ratio | tda_h0_wasserstein | tda_h0_entropy_combined | tda_h0_bottleneck | tda_h1_max_life_combined | tda_h1_entropy_combined | syn_jaccard_tokens | tda_h0_entropy_tgt | tda_h0_max_life_tgt | tda_h0_max_life_combined | syn_common_prefix_ratio | syn_damerau_osa | syn_common_suffix_ratio | tda_h1_wasserstein | tda_h1_max_life_tgt | syn_lcs_len | tda_h1_entropy_tgt | syn_len_b | tda_h0_max_life_src | tda_h0_entropy_src | tda_h2_max_life_combined | tda_h1_count_combined | syn_len_a | tda_h1_max_life_src | tda_h1_entropy_src | tda_h2_entropy_combined | tda_h2_max_life_tgt | syn_contains_b_in_a | tda_h2_max_life_src | tda_h2_entropy_tgt | tda_h2_entropy_src,0.8062510329216283,0.3546214458811265,0.4237547842674509,0.3190577964702231,0.5141523283081898,0.3145592796843757,551,0.608745366289592,0.0593415897636491,12,2,22,stage1_first_benchmark,greedy_kendall,"{""threshold"": 0.75}","Recomputed with stage-2 protocol: full train, XGBoost 220 trees, threshold_opt_train, F1 averaged by pair_id.",0.8832725943650863,0.1057102717106746,52,11
12,syn_jaro_winkler | tda_h0_entropy_combined | tda_h1_max_life_combined | cls_chebyshev | tda_h0_bottleneck | syn_cosine_trigrams | tda_h1_entropy_combined | cls_canberra | tda_h0_wasserstein | syn_cosine_bigrams | syn_jaro | cls_spearman,0.7664800052883924,0.3551371188067927,0.4357045133220305,0.3208662788319995,0.5139081318354783,0.312226133895743,551,0.611822234686797,0.0507489131319845,4,3,5,stage1_first_benchmark,combo_mi_prefilter_mrmr,"{""k"": 12, ""penalty"": 1.0, ""prefilter"": 24}","Recomputed with stage-2 protocol: full train, XGBoost 220 trees, threshold_opt_train, F1 averaged by pair_id.",0.9491651547674064,0.2018732700190263,7,3
33,syn_jaro_winkler | syn_cosine_bigrams | syn_cosine_trigrams | cls_minkowski | cls_chebyshev | syn_lcs_ratio | tda_h0_wasserstein | tda_h0_entropy_combined | tda_h0_bottleneck | tda_h1_max_life_combined | tda_h1_entropy_combined | syn_jaccard_tokens | tda_h0_entropy_tgt | tda_h0_max_life_tgt | tda_h0_max_life_combined | syn_common_prefix_ratio | syn_damerau_osa | syn_common_suffix_ratio | tda_h1_wasserstein | tda_h1_max_life_tgt | syn_lcs_len | tda_h1_entropy_tgt | tda_h0_max_life_src | tda_h0_entropy_src | tda_h2_max_life_combined | tda_h1_max_life_src | tda_h1_entropy_src | tda_h2_entropy_combined | tda_h2_max_life_tgt | syn_contains_b_in_a | tda_h2_max_life_src | tda_h2_entropy_tgt | tda_h2_entropy_src,0.7864493040490267,0.3653205539860952,0.4269190037974841,0.3203437547841053,0.5138075315680718,0.3188590974967661,551,0.6267023925555805,0.067827016554218,10,2,21,stage1_first_benchmark,graph_independent_spearman,"{""threshold"": 0.85}","Recomputed with stage-2 protocol: full train, XGBoost 220 trees, threshold_opt_train, F1 averaged by pair_id.",0.7738300745574733,0.0929657635491101,34,7
29,syn_cosine_bigrams | cls_cosine_sim | cls_chebyshev | syn_lcs_ratio | tda_h0_wasserstein | tda_h0_bottleneck | tda_h1_max_life_combined | tda_h1_entropy_combined | syn_jaccard_tokens | tda_h0_entropy_tgt | tda_h0_max_life_tgt | tda_h0_max_life_combined | syn_common_prefix_ratio | syn_damerau_osa | syn_common_suffix_ratio | tda_h1_wasserstein | tda_h1_max_life_tgt | syn_lcs_len | tda_h1_entropy_tgt | tda_h0_max_life_src | tda_h2_max_life_combined | syn_len_a | tda_h1_max_life_src | tda_h2_entropy_combined | tda_h2_max_life_tgt | syn_contains_b_in_a | tda_h2_entropy_tgt | tda_h2_entropy_src | tda_h2_count_src,0.7898763440979597,0.3612218757372956,0.4253037547962592,0.3183006719584816,0.5128602608016599,0.3161003512908423,551,0.6123184782408616,0.0539294509756293,9,2,18,stage1_first_benchmark,graph_independent_spearman,"{""threshold"": 0.7}","Recomputed with stage-2 protocol: full train, XGBoost 220 trees, threshold_opt_train, F1 averaged by pair_id.",0.7202816260495691,0.0854005640852433,21,1
10,syn_jaro_winkler | tda_h0_entropy_combined | tda_h0_bottleneck | cls_chebyshev | syn_cosine_bigrams | cls_canberra | tda_h0_wasserstein | syn_cosine_trigrams | cls_spearman | syn_lcs_ratio,0.7644412176848308,0.3539846750157854,0.4399526573494699,0.3307088763195651,0.5104050118841134,0.3177192020680989,551,0.6149666458672464,0.055596700163479,4,3,3,stage1_first_benchmark,combo_mi_prefilter_mrmr,"{""k"": 10, ""penalty"": 1.0, ""prefilter"": 20}","Recomputed with stage-2 protocol: full train, XGBoost 220 trees, threshold_opt_train, F1 averaged by pair_id.",0.933041045482552,0.251958983266927,6,2
30,syn_jaro_winkler | syn_cosine_trigrams | cls_euclidean | tda_h0_wasserstein | tda_h0_entropy_combined | tda_h0_bottleneck | tda_h1_max_life_combined | tda_h1_entropy_combined | syn_jaccard_tokens | tda_h0_max_life_tgt | tda_h0_max_life_combined | syn_common_prefix_ratio | syn_damerau_osa | syn_common_suffix_ratio | tda_h1_wasserstein | tda_h1_max_life_tgt | syn_lcs_len | tda_h1_entropy_tgt | syn_len_b | tda_h0_max_life_src | tda_h2_max_life_combined | syn_len_a | tda_h1_max_life_src | tda_h1_entropy_src | tda_h2_entropy_combined | tda_h2_max_life_tgt | syn_contains_b_in_a | tda_h2_max_life_src | tda_h2_entropy_tgt | tda_h2_count_src,0.7928350749381691,0.3515003832027384,0.4232105402214501,0.3167265031560753,0.5100080233434245,0.311374629985255,551,0.596025262393357,0.0605656739554452,10,1,19,stage1_first_benchmark,greedy_pearson,"{""threshold"": 0.7}","Recomputed with stage-2 protocol: full train, XGBoost 220 trees, threshold_opt_train, F1 averaged by pair_id.",0.9984030508550716,0.1120616111890737,31,7
33,syn_jaro_winkler | syn_cosine_trigrams | cls_euclidean | tda_h0_wasserstein | tda_h0_entropy_combined | tda_h0_bottleneck | tda_h1_max_life_combined | tda_h1_entropy_combined | syn_jaccard_tokens | tda_h0_entropy_tgt | tda_h0_max_life_tgt | tda_h0_max_life_combined | syn_common_prefix_ratio | syn_damerau_osa | syn_common_suffix_ratio | tda_h1_wasserstein | tda_h1_max_life_tgt | syn_lcs_len | tda_h1_entropy_tgt | syn_len_b | tda_h0_max_life_src | tda_h2_max_life_combined | syn_len_a | tda_h1_max_life_src | tda_h1_entropy_src | tda_h2_entropy_combined | tda_h2_max_life_tgt | syn_contains_b_in_a | tda_h2_max_life_src | tda_h2_entropy_tgt | tda_h2_count_src | tda_h2_entropy_src | tda_h2_count_tgt,0.7878471359120363,0.3515037476840958,0.4237440519555786,0.3176181461782877,0.5090621285641899,0.3113526180754149,551,0.6012770242119531,0.0702775383266035,10,1,22,stage1_first_benchmark,greedy_pearson,"{""threshold"": 0.75}","Recomputed with stage-2 protocol: full train, XGBoost 220 trees, threshold_opt_train, F1 averaged by pair_id.",0.9996138723464136,0.102444366603657,39,9
33,syn_jaro_winkler | syn_cosine_trigrams | cls_canberra | cls_chebyshev | tda_h0_wasserstein | tda_h0_bottleneck | tda_h1_max_life_combined | tda_h1_entropy_combined | syn_dice_tokens | tda_h0_entropy_tgt | tda_h0_max_life_tgt | tda_h0_max_life_combined | syn_common_prefix_ratio | syn_common_suffix_ratio | tda_h1_max_life_tgt | syn_lcs_len | tda_h1_bottleneck | tda_h1_entropy_tgt | syn_len_b | tda_h0_max_life_src | tda_h0_entropy_src | tda_h2_max_life_combined | syn_len_a | tda_h1_max_life_src | tda_h1_entropy_src | tda_h2_entropy_combined | tda_h2_max_life_tgt | syn_contains_b_in_a | tda_h2_max_life_src | tda_h2_entropy_tgt | tda_h2_count_src | tda_h2_entropy_src | tda_h2_count_tgt,0.8009792789454648,0.3488736216734098,0.4228577004207822,0.3187639016081633,0.5089560464022534,0.3119554260122662,551,0.5984919502435649,0.0616506433785215,9,2,22,stage1_first_benchmark,iterative_vif_like,"{""threshold"": 5.0}","Recomputed with stage-2 protocol: full train, XGBoost 220 trees, threshold_opt_train, F1 averaged by pair_id.",0.9996138723464136,0.0836899704009857,34,9
15,syn_jaro_winkler | tda_h0_entropy_combined | tda_h1_max_life_combined | cls_chebyshev | tda_h0_bottleneck | syn_cosine_trigrams | tda_h0_max_life_tgt | cls_euclidean | tda_h1_entropy_combined | syn_cosine_bigrams | tda_h0_wasserstein | syn_contains_b_in_a | tda_h2_entropy_tgt | syn_lcs_ratio | tda_h0_entropy_tgt,0.7824631469009196,0.3574734919782062,0.42350218461609,0.3180252459263479,0.5076472876158171,0.3153765059527649,551,0.6027737487204748,0.0575287217233369,5,2,8,stage1_first_benchmark,combo_family_then_mrmr,"{""family_threshold"": 0.85, ""global_threshold"": 0.95, ""k"": 15, ""penalty"": 1.0}",Copied from identical ordered feature set already recomputed with stage-2 protocol.,0.7173051982999504,0.0935032358020017,6,1
15,syn_jaro_winkler | tda_h0_entropy_combined | tda_h1_max_life_combined | cls_chebyshev | tda_h0_bottleneck | syn_cosine_trigrams | tda_h0_max_life_tgt | cls_euclidean | tda_h1_entropy_combined | syn_cosine_bigrams | tda_h0_wasserstein | syn_contains_b_in_a | tda_h2_entropy_tgt | syn_lcs_ratio | tda_h0_entropy_tgt,0.7824631469009196,0.3574734919782062,0.42350218461609,0.3180252459263479,0.5076472876158171,0.3153765059527649,551,0.6027737487204748,0.0575287217233369,5,2,8,stage1_first_benchmark,combo_cluster_then_mrmr,"{""cluster_threshold"": 0.85, ""k"": 15, ""penalty"": 1.0}","Recomputed with stage-2 protocol: full train, XGBoost 220 trees, threshold_opt_train, F1 averaged by pair_id.",0.7173051982999504,0.0935032358020017,6,1
15,syn_jaro_winkler | tda_h0_entropy_combined | syn_contains_b_in_a | tda_h1_max_life_combined | cls_chebyshev | tda_h0_bottleneck | tda_h2_entropy_tgt | tda_h0_max_life_tgt | syn_cosine_bigrams | tda_h2_entropy_src | tda_h0_max_life_src | cls_canberra | tda_h1_max_life_tgt | syn_cosine_trigrams | tda_h2_max_life_tgt,0.7704455700368841,0.35826250196986,0.428071344852449,0.3246264873088713,0.5076091219841946,0.3197323638185174,551,0.6057471129177725,0.0429351089650971,4,2,9,stage1_first_benchmark,mrmr_spearman,"{""k"": 15, ""penalty"": 2.0}","Recomputed with stage-2 protocol: full train, XGBoost 220 trees, threshold_opt_train, F1 averaged by pair_id.",0.7173051982999504,0.0414676333016724,2,1
32,syn_jaro_winkler | syn_cosine_trigrams | cls_minkowski | cls_chebyshev | syn_lcs_ratio | tda_h0_wasserstein | tda_h0_bottleneck | tda_h1_max_life_combined | tda_h1_entropy_combined | syn_jaccard_tokens | tda_h0_entropy_tgt | tda_h0_max_life_tgt | tda_h0_max_life_combined | syn_common_prefix_ratio | syn_damerau_osa | syn_common_suffix_ratio | tda_h1_wasserstein | tda_h1_max_life_tgt | syn_lcs_len | tda_h0_count_combined | tda_h1_entropy_tgt | tda_h0_max_life_src | tda_h0_entropy_src | tda_h2_max_life_combined | tda_h1_max_life_src | tda_h1_entropy_src | tda_h2_entropy_combined | tda_h2_max_life_tgt | syn_contains_b_in_a | tda_h2_max_life_src | tda_h2_entropy_tgt | tda_h2_entropy_src,0.7802172038265248,0.3622319107386678,0.4224045022543388,0.3177093115447106,0.5074875603350669,0.3153323749616927,551,0.6110556410316237,0.0774959280485622,9,2,21,stage1_first_benchmark,graph_independent_spearman,"{""threshold"": 0.75}","Recomputed with stage-2 protocol: full train, XGBoost 220 trees, threshold_opt_train, F1 averaged by pair_id.",0.7332461581810394,0.09691186032537,35,4
8,syn_jaro_winkler | cls_chebyshev | syn_cosine_trigrams | cls_canberra | syn_lcs_ratio | syn_cosine_bigrams | cls_spearman | syn_jaro,0.7517718932567035,0.3504543360118956,0.4412327148263379,0.325311372872286,0.5073019633486427,0.3093148803480617,551,0.599195554895913,0.0499121696544562,5,3,0,stage1_first_benchmark,combo_mi_prefilter_mrmr,"{""k"": 8, ""penalty"": 1.0, ""prefilter"": 16}","Recomputed with stage-2 protocol: full train, XGBoost 220 trees, threshold_opt_train, F1 averaged by pair_id.",0.9491651547674064,0.410593414828749,8,3
10,syn_jaro_winkler | syn_cosine_bigrams | syn_cosine_trigrams | cls_minkowski | cls_chebyshev | syn_lcs_ratio | tda_h0_wasserstein | tda_h0_entropy_combined | tda_h0_bottleneck | tda_h1_max_life_combined,0.7511509104824391,0.3554389115934088,0.4330093596002991,0.3213661984223607,0.5069471676364953,0.313130290649876,551,0.6133042797380007,0.054218017229036,4,2,4,stage1_first_benchmark,combo_mrmr_then_graph,"{""graph_threshold"": 0.85, ""k"": 10, ""mrmr_prefilter"": 20}","Recomputed with stage-2 protocol: full train, XGBoost 220 trees, threshold_opt_train, F1 averaged by pair_id.",0.7173051982999504,0.2073560466315773,5,1
20,syn_jaro_winkler | tda_h0_entropy_combined | tda_h1_max_life_combined | cls_chebyshev | tda_h0_bottleneck | syn_cosine_trigrams | tda_h0_max_life_tgt | cls_euclidean | tda_h1_entropy_combined | syn_cosine_bigrams | tda_h0_wasserstein | syn_contains_b_in_a | tda_h2_entropy_tgt | syn_lcs_ratio | tda_h0_entropy_tgt | tda_h0_max_life_src | tda_h2_entropy_src | syn_common_prefix_ratio | syn_jaccard_tokens | tda_h0_max_life_combined,0.7724189929993147,0.3589983004018885,0.422327745272715,0.316148034787874,0.5057210329241536,0.3128951365708466,551,0.6048929227544507,0.0625934015070655,7,2,11,stage1_first_benchmark,combo_cluster_then_mrmr,"{""cluster_threshold"": 0.85, ""k"": 20, ""penalty"": 1.0}","Recomputed with stage-2 protocol: full train, XGBoost 220 trees, threshold_opt_train, F1 averaged by pair_id.",0.7173051982999504,0.0736610322653981,8,1
20,syn_jaro_winkler | tda_h0_entropy_combined | tda_h1_max_life_combined | cls_chebyshev | tda_h0_bottleneck | syn_cosine_trigrams | tda_h0_max_life_tgt | cls_euclidean | tda_h1_entropy_combined | syn_cosine_bigrams | tda_h0_wasserstein | syn_contains_b_in_a | tda_h2_entropy_tgt | syn_lcs_ratio | tda_h0_entropy_tgt | tda_h0_max_life_src | tda_h2_entropy_src | syn_common_prefix_ratio | syn_jaccard_tokens | tda_h0_max_life_combined,0.7724189929993147,0.3589983004018885,0.422327745272715,0.316148034787874,0.5057210329241536,0.3128951365708466,551,0.6048929227544507,0.0625934015070655,7,2,11,stage1_first_benchmark,combo_family_then_mrmr,"{""family_threshold"": 0.85, ""global_threshold"": 0.95, ""k"": 20, ""penalty"": 1.0}",Copied from identical ordered feature set already recomputed with stage-2 protocol.,0.7173051982999504,0.0736610322653981,8,1
26,syn_jaro_winkler | syn_cosine_bigrams | syn_cosine_trigrams | cls_euclidean | cls_chebyshev | syn_lcs_ratio | tda_h0_wasserstein | tda_h0_entropy_combined | tda_h0_bottleneck | tda_h1_max_life_combined | tda_h1_entropy_combined | syn_jaccard_tokens | tda_h0_entropy_tgt | tda_h0_max_life_tgt | tda_h0_max_life_combined | syn_common_prefix_ratio | syn_damerau_osa | tda_h1_wasserstein | tda_h1_max_life_tgt | syn_lcs_len | tda_h1_entropy_tgt | tda_h0_max_life_src | tda_h0_entropy_src | tda_h1_count_combined | syn_len_a | tda_h1_max_life_src,0.7864777910943328,0.3573869485857462,0.4179987658194029,0.3152000755252341,0.5050256729854997,0.3133440388122291,551,0.6056047552492659,0.0720307555921363,9,2,15,stage1_first_benchmark,greedy_nmi,"{""n_bins"": 10, ""threshold"": 0.4}","Recomputed with stage-2 protocol: full train, XGBoost 220 trees, threshold_opt_train, F1 averaged by pair_id.",0.8832725943650863,0.1673262857417611,37,7
15,syn_jaro_winkler | tda_h0_entropy_combined | tda_h1_max_life_combined | cls_chebyshev | tda_h0_bottleneck | syn_cosine_trigrams | tda_h0_max_life_tgt | cls_canberra | tda_h1_entropy_combined | syn_cosine_bigrams | tda_h0_wasserstein | syn_contains_b_in_a | syn_jaro | tda_h2_entropy_tgt | tda_h0_max_life_combined,0.7726681165600536,0.3617837357030546,0.420772755105573,0.3198373171492492,0.503220721284654,0.316860055595917,551,0.6043533336623998,0.051451393231168,5,2,8,stage1_first_benchmark,mrmr_spearman,"{""k"": 15, ""penalty"": 1.0}","Recomputed with stage-2 protocol: full train, XGBoost 220 trees, threshold_opt_train, F1 averaged by pair_id.",0.9491651547674064,0.0935032358020017,6,2
32,syn_jaro_winkler | syn_cosine_bigrams | cls_euclidean | cls_chebyshev | syn_lcs_ratio | tda_h0_wasserstein | tda_h0_entropy_combined | tda_h0_bottleneck | tda_h1_max_life_combined | tda_h1_entropy_combined | syn_jaccard_tokens | tda_h0_entropy_tgt | tda_h0_max_life_tgt | tda_h0_max_life_combined | syn_common_prefix_ratio | syn_damerau_osa | syn_common_suffix_ratio | tda_h1_wasserstein | tda_h1_max_life_tgt | syn_lcs_len | tda_h1_entropy_tgt | tda_h0_max_life_src | tda_h0_entropy_src | tda_h2_max_life_combined | tda_h1_max_life_src | tda_h1_entropy_src | tda_h2_entropy_combined | tda_h2_max_life_tgt | syn_contains_b_in_a | tda_h2_max_life_src | tda_h2_entropy_tgt | tda_h2_entropy_src,0.7929150741902421,0.3683346701305598,0.4128735607428047,0.3193578139214175,0.5014257118421834,0.3208175204031653,551,0.6034261411540006,0.0622582349722363,9,2,21,stage1_first_benchmark,greedy_spearman,"{""threshold"": 0.8}","Recomputed with stage-2 protocol: full train, XGBoost 220 trees, threshold_opt_train, F1 averaged by pair_id.",0.7738300745574733,0.092437978409485,33,6
32,syn_jaro_winkler | syn_cosine_bigrams | cls_euclidean | cls_chebyshev | syn_lcs_ratio | tda_h0_wasserstein | tda_h0_entropy_combined | tda_h0_bottleneck | tda_h1_max_life_combined | tda_h1_entropy_combined | syn_jaccard_tokens | tda_h0_entropy_tgt | tda_h0_max_life_tgt | tda_h0_max_life_combined | syn_common_prefix_ratio | syn_damerau_osa | syn_common_suffix_ratio | tda_h1_wasserstein | tda_h1_max_life_tgt | syn_lcs_len | tda_h1_entropy_tgt | tda_h0_max_life_src | tda_h0_entropy_src | tda_h2_max_life_combined | tda_h1_max_life_src | tda_h1_entropy_src | tda_h2_entropy_combined | tda_h2_max_life_tgt | syn_contains_b_in_a | tda_h2_max_life_src | tda_h2_entropy_tgt | tda_h2_entropy_src,0.7929150741902421,0.3683346701305598,0.4128735607428047,0.3193578139214175,0.5014257118421834,0.3208175204031653,551,0.6034261411540006,0.0622582349722363,9,2,21,stage1_first_benchmark,cluster_spearman,"{""threshold"": 0.8}",Copied from identical ordered feature set already recomputed with stage-2 protocol.,0.7738300745574733,0.092437978409485,33,6
32,syn_jaro_winkler | syn_cosine_bigrams | cls_euclidean | cls_chebyshev | syn_lcs_ratio | tda_h0_wasserstein | tda_h0_entropy_combined | tda_h0_bottleneck | tda_h1_max_life_combined | tda_h1_entropy_combined | syn_jaccard_tokens | tda_h0_entropy_tgt | tda_h0_max_life_tgt | tda_h0_max_life_combined | syn_common_prefix_ratio | syn_damerau_osa | syn_common_suffix_ratio | tda_h1_wasserstein | tda_h1_max_life_tgt | syn_lcs_len | tda_h1_entropy_tgt | tda_h0_max_life_src | tda_h0_entropy_src | tda_h2_max_life_combined | tda_h1_max_life_src | tda_h1_entropy_src | tda_h2_entropy_combined | tda_h2_max_life_tgt | syn_contains_b_in_a | tda_h2_max_life_src | tda_h2_entropy_tgt | tda_h2_entropy_src,0.7929150741902421,0.3683346701305598,0.4128735607428047,0.3193578139214175,0.5014257118421834,0.3208175204031653,551,0.6034261411540006,0.0622582349722363,9,2,21,stage1_first_benchmark,family_aware_spearman,"{""family_threshold"": 0.8, ""global_threshold"": 0.85}",Copied from identical ordered feature set already recomputed with stage-2 protocol.,0.7738300745574733,0.092437978409485,33,6
12,syn_jaro_winkler | tda_h0_entropy_combined | tda_h1_max_life_combined | cls_chebyshev | tda_h0_bottleneck | syn_cosine_trigrams | tda_h0_max_life_tgt | cls_euclidean | tda_h1_entropy_combined | syn_cosine_bigrams | tda_h0_wasserstein | syn_contains_b_in_a,0.7601782639255023,0.3583857099339171,0.4221374368149878,0.321437120746514,0.500974250280526,0.3149323591673595,551,0.5971630630183337,0.0463214217995466,4,2,6,stage1_first_benchmark,combo_cluster_then_mrmr,"{""cluster_threshold"": 0.85, ""k"": 12, ""penalty"": 1.0}","Recomputed with stage-2 protocol: full train, XGBoost 220 trees, threshold_opt_train, F1 averaged by pair_id.",0.7173051982999504,0.1324255348391886,4,1
12,syn_jaro_winkler | tda_h0_entropy_combined | tda_h1_max_life_combined | cls_chebyshev | tda_h0_bottleneck | syn_cosine_trigrams | tda_h0_max_life_tgt | cls_euclidean | tda_h1_entropy_combined | syn_cosine_bigrams | tda_h0_wasserstein | syn_contains_b_in_a,0.7601782639255023,0.3583857099339171,0.4221374368149878,0.321437120746514,0.500974250280526,0.3149323591673595,551,0.5971630630183337,0.0463214217995466,4,2,6,stage1_first_benchmark,combo_family_then_mrmr,"{""family_threshold"": 0.85, ""global_threshold"": 0.95, ""k"": 12, ""penalty"": 1.0}",Copied from identical ordered feature set already recomputed with stage-2 protocol.,0.7173051982999504,0.1324255348391886,4,1
15,syn_jaro_winkler | tda_h0_entropy_combined | tda_h1_max_life_combined | cls_chebyshev | tda_h0_bottleneck | syn_cosine_trigrams | tda_h0_max_life_tgt | cls_canberra | tda_h1_entropy_combined | syn_cosine_bigrams | tda_h0_wasserstein | tda_h0_max_life_combined | syn_jaro | cls_spearman | tda_h0_entropy_tgt,0.7731028625561714,0.3678586415922605,0.41692727366798,0.3205139440425669,0.5000540763938334,0.3190502834852841,551,0.6047849962937075,0.0462641377994097,4,3,8,stage1_first_benchmark,combo_mi_prefilter_mrmr,"{""k"": 15, ""penalty"": 1.0, ""prefilter"": 30}","Recomputed with stage-2 protocol: full train, XGBoost 220 trees, threshold_opt_train, F1 averaged by pair_id.",0.9491651547674064,0.1690831937530572,9,3
31,syn_jaro_winkler | syn_cosine_trigrams | cls_euclidean | cls_chebyshev | syn_lcs_ratio | tda_h0_wasserstein | tda_h0_entropy_combined | tda_h0_bottleneck | tda_h1_max_life_combined | tda_h1_entropy_combined | syn_jaccard_tokens | tda_h0_entropy_tgt | tda_h0_max_life_tgt | tda_h0_max_life_combined | syn_common_prefix_ratio | syn_damerau_osa | syn_common_suffix_ratio | tda_h1_wasserstein | tda_h1_max_life_tgt | tda_h1_entropy_tgt | tda_h0_max_life_src | tda_h2_max_life_combined | syn_len_a | tda_h1_max_life_src | tda_h1_entropy_src | tda_h2_entropy_combined | tda_h2_max_life_tgt | syn_contains_b_in_a | tda_h2_max_life_src | tda_h2_entropy_tgt | tda_h2_entropy_src,0.7836922963748454,0.3604790662089818,0.4148282666468649,0.3171376230258509,0.4999876537836593,0.3140766148317538,551,0.5962898589166236,0.0737542836710214,9,2,20,stage1_first_benchmark,greedy_spearman,"{""threshold"": 0.75}","Recomputed with stage-2 protocol: full train, XGBoost 220 trees, threshold_opt_train, F1 averaged by pair_id.",0.7299035202608024,0.0900670678926661,26,4
28,syn_jaro_winkler | syn_cosine_trigrams | cls_euclidean | cls_chebyshev | tda_h0_wasserstein | tda_h0_entropy_combined | tda_h0_bottleneck | tda_h1_max_life_combined | tda_h1_entropy_combined | syn_jaccard_tokens | tda_h0_max_life_tgt | tda_h0_max_life_combined | syn_common_prefix_ratio | syn_common_suffix_ratio | tda_h1_wasserstein | tda_h1_max_life_tgt | tda_h1_entropy_tgt | syn_len_b | tda_h0_max_life_src | tda_h2_max_life_combined | syn_len_a | tda_h1_max_life_src | tda_h2_entropy_combined | tda_h2_max_life_tgt | syn_contains_b_in_a | tda_h2_entropy_tgt | tda_h2_count_src | tda_h2_entropy_src,0.7859924715626072,0.3564082956466349,0.4149221703190066,0.3182237525201751,0.4991267763848418,0.3118872928243192,551,0.594505594953409,0.0571977867562695,8,2,18,stage1_first_benchmark,greedy_spearman,"{""threshold"": 0.7}","Recomputed with stage-2 protocol: full train, XGBoost 220 trees, threshold_opt_train, F1 averaged by pair_id.",0.7202816260495691,0.0836899704009857,20,1
12,syn_jaro_winkler | syn_cosine_bigrams | syn_cosine_trigrams | cls_minkowski | cls_chebyshev | syn_lcs_ratio | tda_h0_wasserstein | tda_h0_entropy_combined | tda_h0_bottleneck | tda_h1_max_life_combined | tda_h1_entropy_combined | syn_jaccard_tokens,0.765267926732059,0.3578957968588727,0.4148743036796909,0.3144119744822874,0.497996807924974,0.3121798071482074,551,0.6007557785917926,0.0537040192424905,5,2,5,stage1_first_benchmark,combo_mi_prefilter_graph,"{""graph_threshold"": 0.85, ""k"": 12, ""prefilter"": 24}","Recomputed with stage-2 protocol: full train, XGBoost 220 trees, threshold_opt_train, F1 averaged by pair_id.",0.7173051982999504,0.2071703541930107,5,1
12,syn_jaro_winkler | tda_h0_entropy_combined | tda_h1_max_life_combined | cls_chebyshev | tda_h0_bottleneck | syn_cosine_trigrams | tda_h0_max_life_tgt | cls_canberra | tda_h1_entropy_combined | syn_cosine_bigrams | tda_h0_wasserstein | syn_contains_b_in_a,0.75919520211009,0.3625213455253158,0.4206441201433001,0.3242421500034179,0.4973517940144328,0.3179135610525552,551,0.5968619903226939,0.0395523873707813,4,2,6,stage1_first_benchmark,mrmr_spearman,"{""k"": 12, ""penalty"": 1.0}","Recomputed with stage-2 protocol: full train, XGBoost 220 trees, threshold_opt_train, F1 averaged by pair_id.",0.7173051982999504,0.1324255348391886,3,1
6,syn_jaro_winkler | syn_cosine_bigrams | syn_cosine_trigrams | cls_minkowski | cls_chebyshev | syn_lcs_ratio,0.7350872683511148,0.3651061790306769,0.4312929162985698,0.3285767252104437,0.4971702932382108,0.318514210038411,551,0.5961835965793808,0.054478933828279,4,2,0,stage1_first_benchmark,combo_mi_prefilter_graph,"{""graph_threshold"": 0.85, ""k"": 8, ""prefilter"": 16}","Recomputed with stage-2 protocol: full train, XGBoost 220 trees, threshold_opt_train, F1 averaged by pair_id.",0.7173051982999504,0.3901959601196123,4,1
12,syn_jaro_winkler | tda_h0_entropy_combined | syn_contains_b_in_a | tda_h1_max_life_combined | cls_chebyshev | tda_h0_bottleneck | tda_h2_entropy_tgt | tda_h0_max_life_tgt | syn_cosine_bigrams | tda_h2_entropy_src | tda_h0_max_life_src | cls_canberra,0.7576635940161814,0.3665359584668824,0.4172719762395689,0.3281229827192664,0.4951453046831962,0.3243438464515515,551,0.5875032981364524,0.0455156433574504,3,2,7,stage1_first_benchmark,mrmr_spearman,"{""k"": 12, ""penalty"": 2.0}","Recomputed with stage-2 protocol: full train, XGBoost 220 trees, threshold_opt_train, F1 averaged by pair_id.",0.6404222558299119,0.036367906017498,1,0
22,syn_jaro_winkler | syn_cosine_trigrams | cls_euclidean | tda_h0_wasserstein | tda_h0_entropy_combined | tda_h0_bottleneck | tda_h1_max_life_combined | tda_h1_entropy_combined | syn_jaccard_tokens | tda_h0_max_life_tgt | tda_h0_max_life_combined | syn_common_prefix_ratio | syn_common_suffix_ratio | tda_h1_wasserstein | tda_h1_entropy_tgt | syn_len_b | tda_h2_max_life_combined | syn_len_a | tda_h2_entropy_combined | tda_h2_max_life_tgt | syn_contains_b_in_a | tda_h2_entropy_tgt,0.778450485662222,0.3523292668786921,0.4104120685858125,0.3149437025790044,0.4950136744662687,0.3095877159210667,551,0.581334617519284,0.0505847811378919,8,1,13,stage1_first_benchmark,greedy_kendall,"{""threshold"": 0.5}","Recomputed with stage-2 protocol: full train, XGBoost 220 trees, threshold_opt_train, F1 averaged by pair_id.",0.6764570414343454,0.0893295318908101,10,0
5,syn_jaro_winkler | syn_cosine_bigrams | syn_cosine_trigrams | cls_canberra | cls_chebyshev,0.7405713655605646,0.3629734873851979,0.4307047706029044,0.3315749975267014,0.4946244277612442,0.3186698172792192,551,0.5837149395011665,0.040559667967181,3,2,0,stage1_first_benchmark,combo_mrmr_then_graph,"{""graph_threshold"": 0.85, ""k"": 5, ""mrmr_prefilter"": 10}","Recomputed with stage-2 protocol: full train, XGBoost 220 trees, threshold_opt_train, F1 averaged by pair_id.",0.7173051982999504,0.3884612295741579,2,1
8,syn_jaro_winkler | tda_h0_entropy_combined | cls_chebyshev | tda_h0_bottleneck | tda_h1_max_life_combined | syn_cosine_bigrams | cls_canberra | syn_cosine_trigrams,0.7546900022976013,0.3638608220226152,0.4152842966160301,0.3227781572301572,0.4916778308700408,0.3167560680400941,551,0.594726013134237,0.0464337194685137,3,2,3,stage1_first_benchmark,mrmr_spearman,"{""k"": 8, ""penalty"": 0.5}","Recomputed with stage-2 protocol: full train, XGBoost 220 trees, threshold_opt_train, F1 averaged by pair_id.",0.7173051982999504,0.192977030554875,2,1
21,syn_jaro_winkler | cls_euclidean | tda_h0_wasserstein | tda_h0_entropy_combined | tda_h1_max_life_combined | tda_h1_entropy_combined | syn_jaccard_tokens | tda_h0_entropy_tgt | tda_h0_max_life_tgt | tda_h0_max_life_combined | syn_common_prefix_ratio | syn_damerau_osa | syn_common_suffix_ratio | tda_h0_max_life_src | tda_h0_entropy_src | tda_h2_max_life_combined | tda_h2_entropy_combined | tda_h2_max_life_tgt | syn_contains_b_in_a | tda_h2_entropy_tgt | tda_h2_entropy_src,0.7524463136211016,0.362525553622779,0.410565979131419,0.3130215552014617,0.4908031007448443,0.3118782580767377,551,0.5803583524894774,0.0651595906935902,6,1,14,stage1_first_benchmark,cluster_spearman,"{""threshold"": 0.6}","Recomputed with stage-2 protocol: full train, XGBoost 220 trees, threshold_opt_train, F1 averaged by pair_id.",0.7314549961611506,0.0685667374040499,8,2
10,syn_jaro_winkler | tda_h0_entropy_combined | tda_h1_max_life_combined | cls_chebyshev | tda_h0_bottleneck | syn_cosine_trigrams | tda_h0_max_life_tgt | cls_euclidean | tda_h1_entropy_combined | syn_cosine_bigrams,0.756137018361433,0.3629147440886385,0.4083455204312777,0.3155714070560068,0.4889936323385176,0.3137259633205962,551,0.589784992782133,0.0412573182133776,3,2,5,stage1_first_benchmark,combo_family_then_mrmr,"{""family_threshold"": 0.85, ""global_threshold"": 0.95, ""k"": 10, ""penalty"": 1.0}",Copied from identical ordered feature set already recomputed with stage-2 protocol.,0.7173051982999504,0.1464007675351855,3,1
10,syn_jaro_winkler | tda_h0_entropy_combined | tda_h1_max_life_combined | cls_chebyshev | tda_h0_bottleneck | syn_cosine_trigrams | tda_h0_max_life_tgt | cls_euclidean | tda_h1_entropy_combined | syn_cosine_bigrams,0.756137018361433,0.3629147440886385,0.4083455204312777,0.3155714070560068,0.4889936323385176,0.3137259633205962,551,0.589784992782133,0.0412573182133776,3,2,5,stage1_first_benchmark,combo_cluster_then_mrmr,"{""cluster_threshold"": 0.85, ""k"": 10, ""penalty"": 1.0}","Recomputed with stage-2 protocol: full train, XGBoost 220 trees, threshold_opt_train, F1 averaged by pair_id.",0.7173051982999504,0.1464007675351855,3,1
18,syn_cosine_bigrams | cls_canberra | tda_h0_bottleneck | tda_h1_max_life_combined | tda_h1_entropy_combined | syn_jaccard_tokens | tda_h0_entropy_tgt | tda_h0_max_life_tgt | syn_common_prefix_ratio | syn_damerau_osa | syn_common_suffix_ratio | tda_h0_max_life_src | tda_h2_max_life_combined | tda_h1_max_life_src | tda_h2_entropy_combined | tda_h2_max_life_tgt | syn_contains_b_in_a | tda_h2_entropy_tgt,0.7692609401351723,0.3671042080900527,0.403748898247968,0.3181848316908619,0.4877752906449014,0.3160330359244479,551,0.5861587855655533,0.059880304137438,6,1,11,stage1_first_benchmark,graph_independent_spearman,"{""threshold"": 0.5}","Recomputed with stage-2 protocol: full train, XGBoost 220 trees, threshold_opt_train, F1 averaged by pair_id.",0.5062538097556495,0.0596904430780997,1,0
12,syn_jaro_winkler | cls_euclidean | tda_h0_wasserstein | tda_h0_entropy_combined | tda_h0_bottleneck | tda_h1_max_life_combined | tda_h1_entropy_combined | syn_jaccard_tokens | tda_h0_max_life_tgt | tda_h1_max_life_tgt | tda_h0_max_life_src | tda_h1_max_life_src,0.7570469397930868,0.3554271171923953,0.3994887245201137,0.3041768267429854,0.4830344181265083,0.3029322809764975,551,0.5620705539185282,0.0525645373641319,2,1,9,stage1_first_benchmark,greedy_nmi,"{""n_bins"": 10, ""threshold"": 0.15}","Recomputed with stage-2 protocol: full train, XGBoost 220 trees, threshold_opt_train, F1 averaged by pair_id.",0.5941620410869165,0.1467421828589536,2,0
14,syn_jaro_winkler | cls_chebyshev | tda_h0_wasserstein | tda_h0_entropy_combined | tda_h1_max_life_combined | tda_h0_max_life_tgt | syn_common_suffix_ratio | tda_h1_max_life_tgt | tda_h0_max_life_src | tda_h2_max_life_combined | tda_h2_entropy_combined | tda_h2_max_life_tgt | syn_contains_b_in_a | tda_h2_entropy_tgt,0.769157302911496,0.3546009473382017,0.4012238568271173,0.3207012797936553,0.4806775261229347,0.3144170541279841,551,0.5468530901095913,0.0565774913161979,3,1,10,stage1_first_benchmark,greedy_spearman,"{""threshold"": 0.5}","Recomputed with stage-2 protocol: full train, XGBoost 220 trees, threshold_opt_train, F1 averaged by pair_id.",0.5062538097556495,0.0530842793660911,1,0
10,syn_jaro_winkler | tda_h0_entropy_combined | tda_h1_max_life_combined | cls_chebyshev | tda_h0_bottleneck | syn_cosine_trigrams | tda_h0_max_life_tgt | cls_canberra | tda_h1_entropy_combined | syn_cosine_bigrams,0.7501557319270696,0.3694744216601649,0.3986292048404352,0.3182709444003478,0.4778772673566315,0.317044709309186,551,0.5832909519910261,0.0428761879566362,3,2,5,stage1_first_benchmark,mrmr_spearman,"{""k"": 10, ""penalty"": 1.0}","Recomputed with stage-2 protocol: full train, XGBoost 220 trees, threshold_opt_train, F1 averaged by pair_id.",0.7173051982999504,0.1464007675351855,2,1
23,syn_jaro_winkler | cls_chebyshev | tda_h0_wasserstein | tda_h0_entropy_combined | tda_h1_max_life_combined | tda_h1_entropy_combined | syn_jaccard_tokens | tda_h0_max_life_tgt | tda_h0_max_life_combined | syn_common_prefix_ratio | syn_damerau_osa | tda_h1_wasserstein | syn_lcs_len | tda_h1_entropy_tgt | tda_h0_max_life_src | tda_h2_max_life_combined | tda_h1_max_life_src | tda_h1_entropy_src | tda_h2_entropy_combined | tda_h2_max_life_tgt | syn_contains_b_in_a | tda_h2_max_life_src | tda_h2_entropy_tgt,0.7404964340992235,0.3691121596683483,0.3984064902206103,0.3110578371617259,0.4775981788368078,0.3097948954376224,551,0.579582448722385,0.0628109847377087,6,1,16,stage1_first_benchmark,greedy_pearson,"{""threshold"": 0.6}","Recomputed with stage-2 protocol: full train, XGBoost 220 trees, threshold_opt_train, F1 averaged by pair_id.",0.7738300745574733,0.1055268381276075,15,4
5,syn_jaro_winkler | cls_canberra | syn_cosine_trigrams | syn_cosine_bigrams | cls_minkowski,0.7308521565097311,0.3728944327945414,0.4118073742075069,0.3356918084563218,0.4733991567184873,0.3239060040608318,551,0.5642530041983113,0.0547299806443185,3,2,0,stage1_first_benchmark,combo_mi_prefilter_mrmr,"{""k"": 5, ""penalty"": 1.0, ""prefilter"": 10}","Recomputed with stage-2 protocol: full train, XGBoost 220 trees, threshold_opt_train, F1 averaged by pair_id.",0.86343969648959,0.4330071498385923,3,2
4,syn_jaro_winkler | syn_cosine_bigrams | syn_cosine_trigrams | cls_minkowski,0.7331385455845746,0.3751142144841706,0.4083443220978602,0.3343014015063495,0.4727970604509374,0.3244174670077652,551,0.5646464849518008,0.0431031274630083,3,1,0,stage1_first_benchmark,combo_mi_prefilter_graph,"{""graph_threshold"": 0.85, ""k"": 5, ""prefilter"": 10}","Recomputed with stage-2 protocol: full train, XGBoost 220 trees, threshold_opt_train, F1 averaged by pair_id.",0.7173051982999504,0.4666040170486556,2,1
22,syn_cosine_trigrams | cls_canberra | syn_levenshtein_sim | tda_h0_wasserstein | tda_h1_max_life_combined | tda_h1_entropy_combined | syn_jaccard_tokens | tda_h0_max_life_tgt | tda_h0_max_life_combined | syn_common_prefix_ratio | syn_common_suffix_ratio | tda_h1_wasserstein | tda_h1_max_life_tgt | tda_h1_entropy_tgt | tda_h0_max_life_src | tda_h0_entropy_src | tda_h2_max_life_combined | tda_h2_entropy_combined | tda_h2_max_life_tgt | syn_contains_b_in_a | tda_h2_entropy_tgt | tda_h2_entropy_src,0.7722062422384116,0.3646109313807903,0.3846534172251606,0.3121497027230066,0.468775072407664,0.3123580688925965,551,0.5582615431879934,0.0666005936990091,6,1,15,stage1_first_benchmark,graph_independent_spearman,"{""threshold"": 0.6}","Recomputed with stage-2 protocol: full train, XGBoost 220 trees, threshold_opt_train, F1 averaged by pair_id.",0.6616457334852919,0.0661896394141772,9,0
10,syn_jaro_winkler | tda_h0_entropy_combined | syn_contains_b_in_a | tda_h1_max_life_combined | cls_chebyshev | tda_h0_bottleneck | tda_h2_entropy_tgt | tda_h0_max_life_tgt | syn_cosine_bigrams | tda_h2_entropy_src,0.7207095021676073,0.3727449825628302,0.3982130722316829,0.3271094405414941,0.4672865767304492,0.3207222398476974,551,0.5589406142099986,0.0437142239087364,3,1,6,stage1_first_benchmark,mrmr_spearman,"{""k"": 10, ""penalty"": 2.0}","Recomputed with stage-2 protocol: full train, XGBoost 220 trees, threshold_opt_train, F1 averaged by pair_id.",0.6404222558299119,0.0336132504576904,1,0
8,syn_jaro_winkler | tda_h0_entropy_combined | tda_h1_max_life_combined | cls_chebyshev | tda_h0_bottleneck | syn_cosine_trigrams | tda_h0_max_life_tgt | cls_euclidean,0.7157308923808887,0.3726553008187913,0.3828435186251662,0.3121685057042842,0.4569291047193378,0.3120541672707134,551,0.5527256664484975,0.038436420891016,2,2,4,stage1_first_benchmark,combo_family_then_mrmr,"{""family_threshold"": 0.85, ""global_threshold"": 0.95, ""k"": 8, ""penalty"": 1.0}",Copied from identical ordered feature set already recomputed with stage-2 protocol.,0.5809472922172578,0.1401048838401901,1,0
8,syn_jaro_winkler | tda_h0_entropy_combined | tda_h1_max_life_combined | cls_chebyshev | tda_h0_bottleneck | syn_cosine_trigrams | tda_h0_max_life_tgt | cls_euclidean,0.7157308923808887,0.3726553008187913,0.3828435186251662,0.3121685057042842,0.4569291047193378,0.3120541672707134,551,0.5527256664484975,0.038436420891016,2,2,4,stage1_first_benchmark,combo_cluster_then_mrmr,"{""cluster_threshold"": 0.85, ""k"": 8, ""penalty"": 1.0}","Recomputed with stage-2 protocol: full train, XGBoost 220 trees, threshold_opt_train, F1 averaged by pair_id.",0.5809472922172578,0.1401048838401901,1,0
16,syn_jaro_winkler | tda_h0_wasserstein | tda_h0_entropy_combined | tda_h1_max_life_combined | syn_jaccard_tokens | tda_h0_entropy_tgt | tda_h0_max_life_tgt | tda_h0_max_life_combined | syn_common_prefix_ratio | syn_damerau_osa | syn_common_suffix_ratio | tda_h2_max_life_combined | tda_h2_entropy_combined | tda_h2_max_life_tgt | syn_contains_b_in_a | tda_h2_entropy_tgt,0.741953977319172,0.3726864982783996,0.3713295615758096,0.3042762885372027,0.454934496935876,0.3076662177700228,551,0.5408039950346689,0.043224094858731,6,0,10,stage1_first_benchmark,cluster_spearman,"{""threshold"": 0.5}","Recomputed with stage-2 protocol: full train, XGBoost 220 trees, threshold_opt_train, F1 averaged by pair_id.",0.7299035202608024,0.0680536463717011,4,1
21,syn_jaro_winkler | cls_canberra | tda_h0_wasserstein | tda_h0_entropy_combined | tda_h1_max_life_combined | tda_h1_entropy_combined | syn_jaccard_tokens | tda_h0_max_life_tgt | tda_h0_max_life_combined | syn_common_prefix_ratio | syn_common_suffix_ratio | tda_h1_max_life_tgt | tda_h1_entropy_tgt | tda_h0_max_life_src | tda_h2_max_life_combined | tda_h1_max_life_src | tda_h2_entropy_combined | tda_h2_max_life_tgt | syn_contains_b_in_a | tda_h2_entropy_tgt | tda_h2_entropy_src,0.751579797016819,0.3746419810475828,0.3717275192159248,0.3078756232675631,0.4545861225878487,0.3114139884488223,551,0.5378208581843538,0.0511711190432472,5,1,15,stage1_first_benchmark,greedy_spearman,"{""threshold"": 0.6}","Recomputed with stage-2 protocol: full train, XGBoost 220 trees, threshold_opt_train, F1 averaged by pair_id.",0.6616457334852919,0.0670397644918732,7,0
8,syn_jaro_winkler | tda_h0_entropy_combined | tda_h1_max_life_combined | cls_chebyshev | tda_h0_bottleneck | syn_cosine_trigrams | tda_h0_max_life_tgt | cls_canberra,0.7293316772652743,0.3743959468925802,0.3749193398093053,0.3124050110285912,0.4523198319842972,0.312674693824843,551,0.5480099007555307,0.0412220578303064,2,2,4,stage1_first_benchmark,mrmr_spearman,"{""k"": 8, ""penalty"": 1.0}","Recomputed with stage-2 protocol: full train, XGBoost 220 trees, threshold_opt_train, F1 averaged by pair_id.",0.4931277673417393,0.1401048838401901,0,0
18,syn_jaro_winkler | tda_h0_wasserstein | tda_h0_entropy_combined | tda_h1_max_life_combined | tda_h0_max_life_tgt | syn_common_prefix_ratio | syn_common_suffix_ratio | tda_h1_wasserstein | syn_lcs_len | tda_h1_entropy_tgt | tda_h0_max_life_src | tda_h2_max_life_combined | syn_len_a | tda_h1_entropy_src | tda_h2_entropy_combined | tda_h2_max_life_tgt | syn_contains_b_in_a | tda_h2_entropy_tgt,0.743928368548907,0.3832708619504539,0.3354853597085555,0.3041240424081111,0.4173429768672799,0.309559250522547,551,0.4995568564135935,0.0503510424163507,6,0,12,stage1_first_benchmark,greedy_pearson,"{""threshold"": 0.5}","Recomputed with stage-2 protocol: full train, XGBoost 220 trees, threshold_opt_train, F1 averaged by pair_id.",0.7738300745574733,0.0846559549006905,7,2
5,syn_jaro_winkler | tda_h0_entropy_combined | syn_contains_b_in_a | tda_h1_max_life_combined | cls_chebyshev,0.6683609965591498,0.4050373327837966,0.3129893408066289,0.2947409277849623,0.3719188106398687,0.3006238477008384,551,0.4214578266427595,0.0546091835249608,2,1,2,stage1_first_benchmark,mrmr_spearman,"{""k"": 5, ""penalty"": 2.0}","Recomputed with stage-2 protocol: full train, XGBoost 220 trees, threshold_opt_train, F1 averaged by pair_id.",0.2960210061348701,0.036883016974909,0,0
5,syn_jaro_winkler | tda_h0_entropy_combined | cls_chebyshev | tda_h0_bottleneck | tda_h1_max_life_combined,0.6708052916381634,0.4073998709000643,0.319557878058659,0.3073545993603588,0.3715465064962294,0.30504338907817,551,0.4267603750063478,0.0610209894911014,1,1,3,stage1_first_benchmark,mrmr_spearman,"{""k"": 5, ""penalty"": 0.5}","Recomputed with stage-2 protocol: full train, XGBoost 220 trees, threshold_opt_train, F1 averaged by pair_id.",0.2960210061348701,0.1385280020681874,0,0
5,syn_jaro_winkler | tda_h0_entropy_combined | tda_h1_max_life_combined | cls_chebyshev | tda_h0_bottleneck,0.6694559746659591,0.4087791732717127,0.3083657258035581,0.3095513216909181,0.3675552005187823,0.3139283349014229,551,0.4277124314662109,0.0587470643337087,1,1,3,stage1_first_benchmark,combo_family_then_mrmr,"{""family_threshold"": 0.85, ""global_threshold"": 0.95, ""k"": 5, ""penalty"": 1.0}",Copied from identical ordered feature set already recomputed with stage-2 protocol.,0.2960210061348701,0.1385280020681874,0,0
5,syn_jaro_winkler | tda_h0_entropy_combined | tda_h1_max_life_combined | cls_chebyshev | tda_h0_bottleneck,0.6694559746659591,0.4087791732717127,0.3083657258035581,0.3095513216909181,0.3675552005187823,0.3139283349014229,551,0.4277124314662109,0.0587470643337087,1,1,3,stage1_first_benchmark,mrmr_spearman,"{""k"": 5, ""penalty"": 1.0}","Recomputed with stage-2 protocol: full train, XGBoost 220 trees, threshold_opt_train, F1 averaged by pair_id.",0.2960210061348701,0.1385280020681874,0,0
5,syn_jaro_winkler | tda_h0_entropy_combined | tda_h1_max_life_combined | cls_chebyshev | tda_h0_bottleneck,0.6694559746659591,0.4087791732717127,0.3083657258035581,0.3095513216909181,0.3675552005187823,0.3139283349014229,551,0.4277124314662109,0.0587470643337087,1,1,3,stage1_first_benchmark,combo_cluster_then_mrmr,"{""cluster_threshold"": 0.85, ""k"": 5, ""penalty"": 1.0}",Copied from identical ordered feature set already recomputed with stage-2 protocol.,0.2960210061348701,0.1385280020681874,0,0
8,syn_jaro_winkler | tda_h0_entropy_combined | syn_contains_b_in_a | tda_h1_max_life_combined | cls_chebyshev | tda_h0_bottleneck | tda_h2_entropy_tgt | tda_h0_max_life_tgt,0.6493069865859794,0.4104808097191602,0.3063836100814874,0.3034623534933236,0.3638434772459755,0.310709807883934,551,0.4139532270029789,0.0462348239895635,2,1,5,stage1_first_benchmark,mrmr_spearman,"{""k"": 8, ""penalty"": 2.0}","Recomputed with stage-2 protocol: full train, XGBoost 220 trees, threshold_opt_train, F1 averaged by pair_id.",0.2960210061348701,0.0335438656564886,0,0
